spatial_unit_id,iso_week,risk_tier,predicted_next_week_count
GRID-00001,2026-W34,LOW,0
GRID-00002,2026-W34,LOW,0
GRID-00003,2026-W34,LOW,0
GRID-00004,2026-W34,LOW,0
GRID-00005,2026-W34,LOW,0
GRID-00006,2026-W34,LOW,0
GRID-00007,2026-W34,LOW,0
GRID-00008,2026-W34,LOW,0
GRID-00009,2026-W34,LOW,0
GRID-00010,2026-W34,LOW,0
GRID-00011,2026-W34,LOW,0
GRID-00012,2026-W34,LOW,0
GRID-00013,2026-W34,LOW,0
GRID-00014,2026-W34,LOW,0
GRID-00015,2026-W34,LOW,0
GRID-00016,2026-W34,LOW,0
GRID-00017,2026-W34,LOW,0
GRID-00018,2026-W34,LOW,0
GRID-00019,2026-W34,LOW,0
GRID-00020,2026-W34,LOW,0
GRID-00021,2026-W34,LOW,0
GRID-00022,2026-W34,LOW,0
GRID-00023,2026-W34,LOW,0
GRID-00024,2026-W34,LOW,0
GRID-00025,2026-W34,LOW,0
GRID-00026,2026-W34,LOW,0
GRID-00027,2026-W34,LOW,0
GRID-00028,2026-W34,LOW,0
GRID-00029,2026-W34,LOW,0
GRID-00030,2026-W34,LOW,0
GRID-00031,2026-W34,LOW,0
GRID-00032,2026-W34,LOW,0
GRID-00033,2026-W34,LOW,0
GRID-00034,2026-W34,LOW,0
GRID-00035,2026-W34,LOW,0
GRID-00036,2026-W34,LOW,0
GRID-00037,2026-W34,LOW,0
GRID-00038,2026-W34,LOW,0
GRID-00039,2026-W34,LOW,0
GRID-00040,2026-W34,LOW,0
GRID-00041,2026-W34,LOW,0
GRID-00042,2026-W34,LOW,0
GRID-00043,2026-W34,LOW,0
GRID-00044,2026-W34,LOW,0
GRID-00045,2026-W34,LOW,0
GRID-00046,2026-W34,LOW,0
GRID-00047,2026-W34,LOW,0
GRID-00048,2026-W34,LOW,0
GRID-00049,2026-W34,LOW,0
GRID-00050,2026-W34,LOW,0
GRID-00051,2026-W34,LOW,0
GRID-00052,2026-W34,LOW,0
GRID-00053,2026-W34,LOW,0
GRID-00054,2026-W34,LOW,0
GRID-00055,2026-W34,LOW,0
GRID-00056,2026-W34,LOW,0
GRID-00057,2026-W34,LOW,0
GRID-00058,2026-W34,LOW,0
GRID-00059,2026-W34,LOW,0
GRID-00060,2026-W34,LOW,0
GRID-00061,2026-W34,LOW,0
GRID-00062,2026-W34,LOW,0
GRID-00063,2026-W34,LOW,0
GRID-00064,2026-W34,LOW,0
GRID-00065,2026-W34,LOW,0
GRID-00066,2026-W34,LOW,0
GRID-00067,2026-W34,LOW,0
GRID-00068,2026-W34,LOW,0
GRID-00069,2026-W34,LOW,0
GRID-00070,2026-W34,LOW,0
GRID-00071,2026-W34,LOW,0
GRID-00072,2026-W34,LOW,0
GRID-00073,2026-W34,LOW,0
GRID-00074,2026-W34,LOW,0
GRID-00075,2026-W34,LOW,0
GRID-00076,2026-W34,LOW,0
GRID-00077,2026-W34,LOW,0
GRID-00078,2026-W34,LOW,0
GRID-00079,2026-W34,LOW,0
GRID-00080,2026-W34,LOW,0
GRID-00081,2026-W34,LOW,0
GRID-00082,2026-W34,LOW,0
GRID-00083,2026-W34,LOW,0
GRID-00084,2026-W34,LOW,0
GRID-00085,2026-W34,LOW,0
GRID-00086,2026-W34,LOW,0
GRID-00087,2026-W34,LOW,0
GRID-00088,2026-W34,LOW,0
GRID-00089,2026-W34,LOW,0
GRID-00090,2026-W34,LOW,0
GRID-00091,2026-W34,LOW,0
GRID-00092,2026-W34,LOW,0
GRID-00093,2026-W34,LOW,0
GRID-00094,2026-W34,LOW,0
GRID-00095,2026-W34,LOW,0
GRID-00096,2026-W34,LOW,0
GRID-00097,2026-W34,LOW,0
GRID-00098,2026-W34,LOW,0
GRID-00099,2026-W34,LOW,0
GRID-00100,2026-W34,LOW,0
GRID-00101,2026-W34,LOW,0
GRID-00102,2026-W34,LOW,0
GRID-00103,2026-W34,LOW,0
GRID-00104,2026-W34,LOW,0
GRID-00105,2026-W34,LOW,0
GRID-00106,2026-W34,LOW,0
GRID-00107,2026-W34,LOW,0
GRID-00108,2026-W34,LOW,0
GRID-00109,2026-W34,LOW,0
GRID-00110,2026-W34,LOW,0
GRID-00111,2026-W34,LOW,0
GRID-00112,2026-W34,LOW,0
GRID-00113,2026-W34,LOW,0
GRID-00114,2026-W34,LOW,0
GRID-00115,2026-W34,LOW,0
GRID-00116,2026-W34,LOW,0
GRID-00117,2026-W34,LOW,0
GRID-00118,2026-W34,LOW,0
GRID-00119,2026-W34,LOW,0
GRID-00120,2026-W34,LOW,0
GRID-00121,2026-W34,LOW,0
GRID-00122,2026-W34,LOW,0
GRID-00123,2026-W34,LOW,0
GRID-00124,2026-W34,LOW,0
GRID-00125,2026-W34,LOW,0
GRID-00126,2026-W34,LOW,0
GRID-00127,2026-W34,LOW,0
GRID-00128,2026-W34,LOW,0
GRID-00129,2026-W34,LOW,0
GRID-00130,2026-W34,LOW,0
GRID-00131,2026-W34,LOW,0
GRID-00132,2026-W34,LOW,0
GRID-00133,2026-W34,LOW,0
GRID-00134,2026-W34,LOW,0
GRID-00135,2026-W34,LOW,0
GRID-00136,2026-W34,LOW,0
GRID-00137,2026-W34,LOW,0
GRID-00138,2026-W34,LOW,0
GRID-00139,2026-W34,LOW,0
GRID-00140,2026-W34,LOW,0
GRID-00141,2026-W34,LOW,0
GRID-00142,2026-W34,LOW,0
GRID-00143,2026-W34,LOW,0
GRID-00144,2026-W34,LOW,0
GRID-00145,2026-W34,LOW,0
GRID-00146,2026-W34,LOW,0
GRID-00147,2026-W34,LOW,0
GRID-00148,2026-W34,LOW,0
GRID-00149,2026-W34,LOW,0
GRID-00150,2026-W34,LOW,0
GRID-00151,2026-W34,LOW,0
GRID-00152,2026-W34,LOW,0
GRID-00153,2026-W34,LOW,0
GRID-00154,2026-W34,LOW,0
GRID-00155,2026-W34,LOW,0
GRID-00156,2026-W34,LOW,0
GRID-00157,2026-W34,LOW,0
GRID-00158,2026-W34,LOW,0
GRID-00159,2026-W34,LOW,0
GRID-00160,2026-W34,LOW,0
GRID-00161,2026-W34,LOW,0
GRID-00162,2026-W34,LOW,0
GRID-00163,2026-W34,LOW,0
GRID-00164,2026-W34,LOW,0
GRID-00165,2026-W34,LOW,0
GRID-00166,2026-W34,LOW,0
GRID-00167,2026-W34,LOW,0
GRID-00168,2026-W34,LOW,0
GRID-00169,2026-W34,LOW,0
GRID-00170,2026-W34,LOW,0
GRID-00171,2026-W34,LOW,0
GRID-00172,2026-W34,LOW,0
GRID-00173,2026-W34,LOW,0
GRID-00174,2026-W34,LOW,0
GRID-00175,2026-W34,LOW,0
GRID-00176,2026-W34,LOW,0
GRID-00177,2026-W34,LOW,0
GRID-00178,2026-W34,LOW,0
GRID-00179,2026-W34,LOW,0
GRID-00180,2026-W34,LOW,0
GRID-00181,2026-W34,LOW,0
GRID-00182,2026-W34,LOW,0
GRID-00183,2026-W34,LOW,0
GRID-00184,2026-W34,LOW,0
GRID-00185,2026-W34,LOW,0
GRID-00186,2026-W34,LOW,0
GRID-00187,2026-W34,LOW,0
GRID-00188,2026-W34,LOW,0
GRID-00189,2026-W34,LOW,0
GRID-00190,2026-W34,LOW,0
GRID-00191,2026-W34,LOW,0
GRID-00192,2026-W34,LOW,0
GRID-00193,2026-W34,LOW,0
GRID-00194,2026-W34,LOW,0
GRID-00195,2026-W34,LOW,0
GRID-00196,2026-W34,LOW,0
GRID-00197,2026-W34,LOW,0
GRID-00198,2026-W34,LOW,0
GRID-00199,2026-W34,LOW,0
GRID-00200,2026-W34,LOW,0
GRID-00201,2026-W34,LOW,0
GRID-00202,2026-W34,LOW,0
GRID-00203,2026-W34,LOW,0
GRID-00204,2026-W34,LOW,0
GRID-00205,2026-W34,LOW,0
GRID-00206,2026-W34,LOW,0
GRID-00207,2026-W34,LOW,0
GRID-00208,2026-W34,LOW,0
GRID-00209,2026-W34,LOW,0
GRID-00210,2026-W34,LOW,0
GRID-00211,2026-W34,LOW,0
GRID-00212,2026-W34,LOW,0
GRID-00213,2026-W34,LOW,0
GRID-00214,2026-W34,LOW,0
GRID-00215,2026-W34,LOW,0
GRID-00216,2026-W34,LOW,0
GRID-00217,2026-W34,LOW,0
GRID-00218,2026-W34,LOW,0
GRID-00219,2026-W34,LOW,0
GRID-00220,2026-W34,LOW,0
GRID-00221,2026-W34,LOW,0
GRID-00222,2026-W34,LOW,0
GRID-00223,2026-W34,LOW,0
GRID-00224,2026-W34,LOW,0
GRID-00225,2026-W34,LOW,0
GRID-00226,2026-W34,LOW,0
GRID-00227,2026-W34,LOW,0
GRID-00228,2026-W34,LOW,0
GRID-00229,2026-W34,LOW,0
GRID-00230,2026-W34,LOW,0
GRID-00231,2026-W34,LOW,0
GRID-00232,2026-W34,LOW,0
GRID-00233,2026-W34,LOW,0
GRID-00234,2026-W34,LOW,0
GRID-00235,2026-W34,LOW,0
GRID-00236,2026-W34,LOW,0
GRID-00237,2026-W34,LOW,0
GRID-00238,2026-W34,LOW,0
GRID-00239,2026-W34,LOW,0
GRID-00240,2026-W34,LOW,0
GRID-00241,2026-W34,LOW,0
GRID-00242,2026-W34,LOW,0
GRID-00243,2026-W34,LOW,0
GRID-00244,2026-W34,LOW,0
GRID-00245,2026-W34,LOW,0
GRID-00246,2026-W34,LOW,0
GRID-00247,2026-W34,LOW,0
GRID-00248,2026-W34,LOW,0
GRID-00249,2026-W34,LOW,0
GRID-00250,2026-W34,LOW,0
GRID-00251,2026-W34,LOW,0
GRID-00252,2026-W34,LOW,0
GRID-00253,2026-W34,LOW,0
GRID-00254,2026-W34,LOW,0
GRID-00255,2026-W34,LOW,0
GRID-00256,2026-W34,LOW,0
GRID-00257,2026-W34,LOW,0
GRID-00258,2026-W34,LOW,0
GRID-00259,2026-W34,LOW,0
GRID-00260,2026-W34,LOW,0
GRID-00261,2026-W34,LOW,0
GRID-00262,2026-W34,LOW,0
GRID-00263,2026-W34,LOW,0
GRID-00264,2026-W34,LOW,0
GRID-00265,2026-W34,LOW,0
GRID-00266,2026-W34,LOW,0
GRID-00267,2026-W34,LOW,0
GRID-00268,2026-W34,LOW,0
GRID-00269,2026-W34,LOW,0
GRID-00270,2026-W34,LOW,0
GRID-00271,2026-W34,LOW,0
GRID-00272,2026-W34,LOW,0
GRID-00273,2026-W34,LOW,0
GRID-00274,2026-W34,LOW,0
GRID-00275,2026-W34,LOW,0
GRID-00276,2026-W34,LOW,0
GRID-00277,2026-W34,LOW,0
GRID-00278,2026-W34,LOW,0
GRID-00279,2026-W34,LOW,0
GRID-00280,2026-W34,LOW,0
GRID-00281,2026-W34,LOW,0
GRID-00282,2026-W34,LOW,0
GRID-00283,2026-W34,LOW,0
GRID-00284,2026-W34,LOW,0
GRID-00285,2026-W34,LOW,0
GRID-00286,2026-W34,LOW,0
GRID-00287,2026-W34,LOW,0
GRID-00288,2026-W34,LOW,0
GRID-00289,2026-W34,LOW,0
GRID-00290,2026-W34,LOW,0
GRID-00291,2026-W34,LOW,0
GRID-00292,2026-W34,LOW,0
GRID-00293,2026-W34,LOW,0
GRID-00294,2026-W34,LOW,0
GRID-00295,2026-W34,LOW,0
GRID-00296,2026-W34,LOW,0
GRID-00297,2026-W34,LOW,0
GRID-00298,2026-W34,LOW,0
GRID-00299,2026-W34,LOW,0
GRID-00300,2026-W34,LOW,0
GRID-00301,2026-W34,LOW,0
GRID-00302,2026-W34,LOW,0
GRID-00303,2026-W34,LOW,0
GRID-00304,2026-W34,LOW,0
GRID-00305,2026-W34,LOW,0
GRID-00306,2026-W34,LOW,0
GRID-00307,2026-W34,LOW,0
GRID-00308,2026-W34,LOW,0
GRID-00309,2026-W34,LOW,0
GRID-00310,2026-W34,LOW,0
GRID-00311,2026-W34,LOW,0
GRID-00312,2026-W34,LOW,0
GRID-00313,2026-W34,LOW,0
GRID-00314,2026-W34,LOW,0
GRID-00315,2026-W34,LOW,0
GRID-00316,2026-W34,LOW,0
GRID-00317,2026-W34,LOW,0
GRID-00318,2026-W34,LOW,0
GRID-00319,2026-W34,LOW,0
GRID-00320,2026-W34,LOW,0
GRID-00321,2026-W34,LOW,0
GRID-00322,2026-W34,LOW,0
GRID-00323,2026-W34,LOW,0
GRID-00324,2026-W34,LOW,0
GRID-00325,2026-W34,LOW,0
GRID-00326,2026-W34,LOW,0
GRID-00327,2026-W34,LOW,0
GRID-00328,2026-W34,LOW,0
GRID-00329,2026-W34,LOW,0
GRID-00330,2026-W34,LOW,0
GRID-00331,2026-W34,LOW,0
GRID-00332,2026-W34,LOW,0
GRID-00333,2026-W34,LOW,0
GRID-00334,2026-W34,LOW,0
GRID-00335,2026-W34,LOW,0
GRID-00336,2026-W34,LOW,0
GRID-00337,2026-W34,LOW,0
GRID-00338,2026-W34,LOW,0
GRID-00339,2026-W34,LOW,0
GRID-00340,2026-W34,LOW,0
GRID-00341,2026-W34,LOW,0
GRID-00342,2026-W34,LOW,0
GRID-00343,2026-W34,LOW,0
GRID-00344,2026-W34,LOW,0
GRID-00345,2026-W34,LOW,0
GRID-00346,2026-W34,LOW,0
GRID-00347,2026-W34,LOW,0
GRID-00348,2026-W34,LOW,0
GRID-00349,2026-W34,LOW,0
GRID-00350,2026-W34,LOW,0
GRID-00351,2026-W34,LOW,0
GRID-00352,2026-W34,LOW,0
GRID-00353,2026-W34,LOW,0
GRID-00354,2026-W34,LOW,0
GRID-00355,2026-W34,LOW,0
GRID-00356,2026-W34,LOW,0
GRID-00357,2026-W34,LOW,0
GRID-00358,2026-W34,LOW,0
GRID-00359,2026-W34,LOW,0
GRID-00360,2026-W34,LOW,0
GRID-00361,2026-W34,LOW,0
GRID-00362,2026-W34,LOW,0
GRID-00363,2026-W34,LOW,0
GRID-00364,2026-W34,LOW,0
GRID-00365,2026-W34,LOW,0
GRID-00366,2026-W34,LOW,0
GRID-00367,2026-W34,LOW,0
GRID-00368,2026-W34,LOW,0
GRID-00369,2026-W34,LOW,0
GRID-00370,2026-W34,LOW,0
GRID-00371,2026-W34,LOW,0
GRID-00372,2026-W34,LOW,0
GRID-00373,2026-W34,LOW,0
GRID-00374,2026-W34,LOW,0
GRID-00375,2026-W34,LOW,0
GRID-00376,2026-W34,LOW,0
GRID-00377,2026-W34,LOW,0
GRID-00378,2026-W34,LOW,0
GRID-00379,2026-W34,LOW,0
GRID-00380,2026-W34,LOW,0
GRID-00381,2026-W34,LOW,0
GRID-00382,2026-W34,LOW,0
GRID-00383,2026-W34,LOW,0
GRID-00384,2026-W34,LOW,0
GRID-00385,2026-W34,LOW,0
GRID-00386,2026-W34,LOW,0
GRID-00387,2026-W34,LOW,0
GRID-00388,2026-W34,LOW,0
GRID-00389,2026-W34,LOW,0
GRID-00390,2026-W34,LOW,0
GRID-00391,2026-W34,LOW,0
GRID-00392,2026-W34,LOW,0
GRID-00393,2026-W34,LOW,0
GRID-00394,2026-W34,LOW,0
GRID-00395,2026-W34,LOW,0
GRID-00396,2026-W34,LOW,0
GRID-00397,2026-W34,LOW,0
GRID-00398,2026-W34,LOW,0
GRID-00399,2026-W34,LOW,0
GRID-00400,2026-W34,LOW,0
GRID-00401,2026-W34,LOW,0
GRID-00402,2026-W34,LOW,0
GRID-00403,2026-W34,LOW,0
GRID-00404,2026-W34,LOW,0
GRID-00405,2026-W34,LOW,0
GRID-00406,2026-W34,LOW,0
GRID-00407,2026-W34,LOW,0
GRID-00408,2026-W34,LOW,0
GRID-00409,2026-W34,LOW,0
GRID-00410,2026-W34,LOW,0
GRID-00411,2026-W34,LOW,0
GRID-00412,2026-W34,LOW,0
GRID-00413,2026-W34,LOW,0
GRID-00414,2026-W34,LOW,0
GRID-00415,2026-W34,LOW,0
GRID-00416,2026-W34,LOW,0
GRID-00417,2026-W34,LOW,0
GRID-00418,2026-W34,LOW,0
GRID-00419,2026-W34,LOW,0
GRID-00420,2026-W34,LOW,0
GRID-00421,2026-W34,LOW,0
GRID-00422,2026-W34,LOW,0
GRID-00423,2026-W34,LOW,0
GRID-00424,2026-W34,LOW,0
GRID-00425,2026-W34,LOW,0
GRID-00426,2026-W34,LOW,0
GRID-00427,2026-W34,LOW,0
GRID-00428,2026-W34,LOW,0
GRID-00429,2026-W34,LOW,0
GRID-00430,2026-W34,LOW,0
GRID-00431,2026-W34,LOW,0
GRID-00432,2026-W34,LOW,0
GRID-00433,2026-W34,LOW,0
GRID-00434,2026-W34,LOW,0
GRID-00435,2026-W34,LOW,0
GRID-00436,2026-W34,LOW,0
GRID-00437,2026-W34,LOW,0
GRID-00438,2026-W34,LOW,0
GRID-00439,2026-W34,LOW,0
GRID-00440,2026-W34,LOW,0
GRID-00441,2026-W34,LOW,0
GRID-00442,2026-W34,LOW,0
GRID-00443,2026-W34,LOW,0
GRID-00444,2026-W34,LOW,0
GRID-00445,2026-W34,LOW,0
GRID-00446,2026-W34,LOW,0
GRID-00447,2026-W34,LOW,0
GRID-00448,2026-W34,LOW,0
GRID-00449,2026-W34,LOW,0
GRID-00450,2026-W34,LOW,0
GRID-00451,2026-W34,LOW,0
GRID-00452,2026-W34,LOW,0
GRID-00453,2026-W34,LOW,0
GRID-00454,2026-W34,LOW,0
GRID-00455,2026-W34,LOW,0
GRID-00456,2026-W34,LOW,0
GRID-00457,2026-W34,LOW,0
GRID-00458,2026-W34,LOW,0
GRID-00459,2026-W34,LOW,0
GRID-00460,2026-W34,LOW,0
GRID-00461,2026-W34,LOW,0
GRID-00462,2026-W34,LOW,0
GRID-00463,2026-W34,LOW,0
GRID-00464,2026-W34,LOW,0
GRID-00465,2026-W34,LOW,0
GRID-00466,2026-W34,LOW,0
GRID-00467,2026-W34,LOW,0
GRID-00468,2026-W34,LOW,0
GRID-00469,2026-W34,LOW,0
GRID-00470,2026-W34,LOW,0
GRID-00471,2026-W34,LOW,0
GRID-00472,2026-W34,LOW,0
GRID-00473,2026-W34,LOW,0
GRID-00474,2026-W34,LOW,0
GRID-00475,2026-W34,LOW,0
GRID-00476,2026-W34,LOW,0
GRID-00477,2026-W34,LOW,0
GRID-00478,2026-W34,LOW,0
GRID-00479,2026-W34,LOW,0
GRID-00480,2026-W34,LOW,0
GRID-00481,2026-W34,LOW,0
GRID-00482,2026-W34,LOW,0
GRID-00483,2026-W34,LOW,0
GRID-00484,2026-W34,LOW,0
GRID-00485,2026-W34,LOW,0
GRID-00486,2026-W34,LOW,0
GRID-00487,2026-W34,LOW,0
GRID-00488,2026-W34,LOW,0
GRID-00489,2026-W34,LOW,0
GRID-00490,2026-W34,LOW,0
GRID-00491,2026-W34,LOW,0
GRID-00492,2026-W34,LOW,0
GRID-00493,2026-W34,LOW,0
GRID-00494,2026-W34,LOW,0
GRID-00495,2026-W34,LOW,0
GRID-00496,2026-W34,LOW,0
GRID-00497,2026-W34,LOW,0
GRID-00498,2026-W34,LOW,0
GRID-00499,2026-W34,LOW,0
GRID-00500,2026-W34,LOW,0
GRID-00501,2026-W34,LOW,0
GRID-00502,2026-W34,LOW,0
GRID-00503,2026-W34,LOW,0
GRID-00504,2026-W34,LOW,0
GRID-00505,2026-W34,LOW,0
GRID-00506,2026-W34,LOW,0
GRID-00507,2026-W34,LOW,0
GRID-00508,2026-W34,LOW,0
GRID-00509,2026-W34,LOW,0
GRID-00510,2026-W34,LOW,0
GRID-00511,2026-W34,LOW,0
GRID-00512,2026-W34,LOW,0
GRID-00513,2026-W34,LOW,0
GRID-00514,2026-W34,LOW,0
GRID-00515,2026-W34,LOW,0
GRID-00516,2026-W34,LOW,0
GRID-00517,2026-W34,LOW,0
GRID-00518,2026-W34,LOW,0
GRID-00519,2026-W34,LOW,0
GRID-00520,2026-W34,LOW,0
GRID-00521,2026-W34,LOW,0
GRID-00522,2026-W34,LOW,0
GRID-00523,2026-W34,LOW,0
GRID-00524,2026-W34,LOW,0
GRID-00525,2026-W34,LOW,0
GRID-00526,2026-W34,LOW,0
GRID-00527,2026-W34,LOW,0
GRID-00528,2026-W34,LOW,0
GRID-00529,2026-W34,LOW,0
GRID-00530,2026-W34,LOW,0
GRID-00531,2026-W34,LOW,0
GRID-00532,2026-W34,LOW,0
GRID-00533,2026-W34,LOW,0
GRID-00534,2026-W34,LOW,0
GRID-00535,2026-W34,LOW,0
GRID-00536,2026-W34,LOW,0
GRID-00537,2026-W34,LOW,0
GRID-00538,2026-W34,LOW,0
GRID-00539,2026-W34,LOW,0
GRID-00540,2026-W34,LOW,0
GRID-00541,2026-W34,LOW,0
GRID-00542,2026-W34,LOW,0
GRID-00543,2026-W34,LOW,0
GRID-00544,2026-W34,LOW,0
GRID-00545,2026-W34,LOW,0
GRID-00546,2026-W34,LOW,0
GRID-00547,2026-W34,LOW,0
GRID-00548,2026-W34,LOW,0
GRID-00549,2026-W34,LOW,0
GRID-00550,2026-W34,LOW,0
GRID-00551,2026-W34,LOW,0
GRID-00552,2026-W34,LOW,0
GRID-00553,2026-W34,LOW,0
GRID-00554,2026-W34,LOW,0
GRID-00555,2026-W34,LOW,0
GRID-00556,2026-W34,LOW,0
GRID-00557,2026-W34,LOW,0
GRID-00558,2026-W34,LOW,0
GRID-00559,2026-W34,LOW,0
GRID-00560,2026-W34,LOW,0
GRID-00561,2026-W34,LOW,0
GRID-00562,2026-W34,LOW,0
GRID-00563,2026-W34,LOW,0
GRID-00564,2026-W34,LOW,0
GRID-00565,2026-W34,LOW,0
GRID-00566,2026-W34,LOW,0
GRID-00567,2026-W34,LOW,0
GRID-00568,2026-W34,LOW,0
GRID-00569,2026-W34,LOW,0
GRID-00570,2026-W34,LOW,0
GRID-00571,2026-W34,LOW,0
GRID-00572,2026-W34,LOW,0
GRID-00573,2026-W34,LOW,0
GRID-00574,2026-W34,LOW,0
GRID-00575,2026-W34,LOW,0
GRID-00576,2026-W34,LOW,0
GRID-00577,2026-W34,LOW,0
GRID-00578,2026-W34,LOW,0
GRID-00579,2026-W34,LOW,0
GRID-00580,2026-W34,LOW,0
GRID-00581,2026-W34,LOW,0
GRID-00582,2026-W34,LOW,0
GRID-00583,2026-W34,LOW,0
GRID-00584,2026-W34,LOW,0
GRID-00585,2026-W34,LOW,0
GRID-00586,2026-W34,LOW,0
GRID-00587,2026-W34,LOW,0
GRID-00588,2026-W34,LOW,0
GRID-00589,2026-W34,LOW,0
GRID-00590,2026-W34,LOW,0
GRID-00591,2026-W34,LOW,0
GRID-00592,2026-W34,LOW,0
GRID-00593,2026-W34,LOW,0
GRID-00594,2026-W34,LOW,0
GRID-00595,2026-W34,LOW,0
GRID-00596,2026-W34,LOW,0
GRID-00597,2026-W34,LOW,0
GRID-00598,2026-W34,LOW,0
GRID-00599,2026-W34,LOW,0
GRID-00600,2026-W34,LOW,0
GRID-00601,2026-W34,LOW,0
GRID-00602,2026-W34,LOW,0
GRID-00603,2026-W34,LOW,0
GRID-00604,2026-W34,LOW,0
GRID-00605,2026-W34,LOW,0
GRID-00606,2026-W34,LOW,0
GRID-00607,2026-W34,LOW,0
GRID-00608,2026-W34,LOW,0
GRID-00609,2026-W34,LOW,0
GRID-00610,2026-W34,LOW,0
GRID-00611,2026-W34,LOW,0
GRID-00612,2026-W34,LOW,0
GRID-00613,2026-W34,LOW,0
GRID-00614,2026-W34,LOW,0
GRID-00615,2026-W34,LOW,0
GRID-00616,2026-W34,LOW,0
GRID-00617,2026-W34,LOW,0
GRID-00618,2026-W34,LOW,0
GRID-00619,2026-W34,LOW,0
GRID-00620,2026-W34,LOW,0
GRID-00621,2026-W34,LOW,0
GRID-00622,2026-W34,LOW,0
GRID-00623,2026-W34,LOW,0
GRID-00624,2026-W34,LOW,0
GRID-00625,2026-W34,LOW,0
GRID-00626,2026-W34,LOW,0
GRID-00627,2026-W34,LOW,0
GRID-00628,2026-W34,LOW,0
GRID-00629,2026-W34,LOW,0
GRID-00630,2026-W34,LOW,0
GRID-00631,2026-W34,LOW,0
GRID-00632,2026-W34,LOW,0
GRID-00633,2026-W34,LOW,0
GRID-00634,2026-W34,LOW,0
GRID-00635,2026-W34,LOW,0
GRID-00636,2026-W34,LOW,0
GRID-00637,2026-W34,LOW,0
GRID-00638,2026-W34,LOW,0
GRID-00639,2026-W34,LOW,0
GRID-00640,2026-W34,LOW,0
GRID-00641,2026-W34,LOW,0
GRID-00642,2026-W34,LOW,0
GRID-00643,2026-W34,LOW,0
GRID-00644,2026-W34,LOW,0
GRID-00645,2026-W34,LOW,0
GRID-00646,2026-W34,LOW,0
GRID-00647,2026-W34,LOW,0
GRID-00648,2026-W34,LOW,0
GRID-00649,2026-W34,LOW,0
GRID-00650,2026-W34,LOW,0
GRID-00651,2026-W34,LOW,0
GRID-00652,2026-W34,LOW,0
GRID-00653,2026-W34,LOW,0
GRID-00654,2026-W34,LOW,0
GRID-00655,2026-W34,LOW,0
GRID-00656,2026-W34,LOW,0
GRID-00657,2026-W34,LOW,0
GRID-00658,2026-W34,LOW,0
GRID-00659,2026-W34,LOW,0
GRID-00660,2026-W34,LOW,0
GRID-00661,2026-W34,LOW,0
GRID-00662,2026-W34,LOW,0
GRID-00663,2026-W34,LOW,0
GRID-00664,2026-W34,LOW,0
GRID-00665,2026-W34,LOW,0
GRID-00666,2026-W34,LOW,0
GRID-00667,2026-W34,LOW,0
GRID-00668,2026-W34,LOW,0
GRID-00669,2026-W34,LOW,0
GRID-00670,2026-W34,LOW,0
GRID-00671,2026-W34,LOW,0
GRID-00672,2026-W34,LOW,0
GRID-00673,2026-W34,LOW,0
GRID-00674,2026-W34,LOW,0
GRID-00675,2026-W34,LOW,0
GRID-00676,2026-W34,LOW,0
GRID-00677,2026-W34,LOW,0
GRID-00678,2026-W34,LOW,0
GRID-00679,2026-W34,LOW,0
GRID-00680,2026-W34,LOW,0
GRID-00681,2026-W34,LOW,0
GRID-00682,2026-W34,LOW,0
GRID-00683,2026-W34,LOW,0
GRID-00684,2026-W34,LOW,0
GRID-00685,2026-W34,LOW,0
GRID-00686,2026-W34,LOW,0
GRID-00687,2026-W34,LOW,0
GRID-00688,2026-W34,LOW,0
GRID-00689,2026-W34,LOW,0
GRID-00690,2026-W34,LOW,0
GRID-00691,2026-W34,LOW,0
GRID-00692,2026-W34,LOW,0
GRID-00693,2026-W34,LOW,0
GRID-00694,2026-W34,LOW,0
GRID-00695,2026-W34,LOW,0
GRID-00696,2026-W34,LOW,0
GRID-00697,2026-W34,LOW,0
GRID-00698,2026-W34,LOW,0
GRID-00699,2026-W34,LOW,0
GRID-00700,2026-W34,LOW,0
GRID-00701,2026-W34,LOW,0
GRID-00702,2026-W34,LOW,0
GRID-00703,2026-W34,LOW,0
GRID-00704,2026-W34,LOW,0
GRID-00705,2026-W34,LOW,0
GRID-00706,2026-W34,LOW,0
GRID-00707,2026-W34,LOW,0
GRID-00708,2026-W34,LOW,0
GRID-00709,2026-W34,LOW,0
GRID-00710,2026-W34,LOW,0
GRID-00711,2026-W34,LOW,0
GRID-00712,2026-W34,LOW,0
GRID-00713,2026-W34,LOW,0
GRID-00714,2026-W34,LOW,0
GRID-00715,2026-W34,LOW,0
GRID-00716,2026-W34,LOW,0
GRID-00717,2026-W34,LOW,0
GRID-00718,2026-W34,LOW,0
GRID-00719,2026-W34,LOW,0
GRID-00720,2026-W34,LOW,0
GRID-00721,2026-W34,LOW,0
GRID-00722,2026-W34,LOW,0
GRID-00723,2026-W34,LOW,0
GRID-00724,2026-W34,LOW,0
GRID-00725,2026-W34,LOW,0
GRID-00726,2026-W34,LOW,0
GRID-00727,2026-W34,LOW,0
GRID-00728,2026-W34,LOW,0
GRID-00729,2026-W34,LOW,0
GRID-00730,2026-W34,LOW,0
GRID-00731,2026-W34,LOW,0
GRID-00732,2026-W34,LOW,0
GRID-00733,2026-W34,LOW,0
GRID-00734,2026-W34,LOW,0
GRID-00735,2026-W34,LOW,0
GRID-00736,2026-W34,LOW,0
GRID-00737,2026-W34,LOW,0
GRID-00738,2026-W34,LOW,0
GRID-00739,2026-W34,LOW,0
GRID-00740,2026-W34,LOW,0
GRID-00741,2026-W34,LOW,0
GRID-00742,2026-W34,LOW,0
GRID-00743,2026-W34,LOW,0
GRID-00744,2026-W34,LOW,0
GRID-00745,2026-W34,LOW,0
GRID-00746,2026-W34,LOW,0
GRID-00747,2026-W34,LOW,0
GRID-00748,2026-W34,LOW,0
GRID-00749,2026-W34,LOW,0
GRID-00750,2026-W34,LOW,0
GRID-00751,2026-W34,LOW,0
GRID-00752,2026-W34,LOW,0
GRID-00753,2026-W34,LOW,0
GRID-00754,2026-W34,LOW,0
GRID-00755,2026-W34,LOW,0
GRID-00756,2026-W34,LOW,0
GRID-00757,2026-W34,LOW,0
GRID-00758,2026-W34,LOW,0
GRID-00759,2026-W34,LOW,0
GRID-00760,2026-W34,LOW,0
GRID-00761,2026-W34,LOW,0
GRID-00762,2026-W34,LOW,0
GRID-00763,2026-W34,LOW,0
GRID-00764,2026-W34,LOW,0
GRID-00765,2026-W34,LOW,0
GRID-00766,2026-W34,LOW,0
GRID-00767,2026-W34,LOW,0
GRID-00768,2026-W34,LOW,0
GRID-00769,2026-W34,LOW,0
GRID-00770,2026-W34,LOW,0
GRID-00771,2026-W34,LOW,0
GRID-00772,2026-W34,LOW,0
GRID-00773,2026-W34,LOW,0
GRID-00774,2026-W34,LOW,0
GRID-00775,2026-W34,LOW,0
GRID-00776,2026-W34,LOW,0
GRID-00777,2026-W34,LOW,0
GRID-00778,2026-W34,LOW,0
GRID-00779,2026-W34,LOW,0
GRID-00780,2026-W34,LOW,0
GRID-00781,2026-W34,LOW,0
GRID-00782,2026-W34,LOW,0
GRID-00783,2026-W34,LOW,0
GRID-00784,2026-W34,LOW,0
GRID-00785,2026-W34,LOW,0
GRID-00786,2026-W34,LOW,0
GRID-00787,2026-W34,LOW,0
GRID-00788,2026-W34,LOW,0
GRID-00789,2026-W34,LOW,0
GRID-00790,2026-W34,LOW,0
GRID-00791,2026-W34,LOW,0
GRID-00792,2026-W34,LOW,0
GRID-00793,2026-W34,LOW,0
GRID-00794,2026-W34,LOW,0
GRID-00795,2026-W34,LOW,0
GRID-00796,2026-W34,LOW,0
GRID-00797,2026-W34,LOW,0
GRID-00798,2026-W34,LOW,0
GRID-00799,2026-W34,LOW,0
GRID-00800,2026-W34,LOW,0
GRID-00801,2026-W34,LOW,0
GRID-00802,2026-W34,LOW,0
GRID-00803,2026-W34,LOW,0
GRID-00804,2026-W34,LOW,0
GRID-00805,2026-W34,LOW,0
GRID-00806,2026-W34,LOW,0
GRID-00807,2026-W34,LOW,0
GRID-00808,2026-W34,LOW,0
GRID-00809,2026-W34,LOW,0
GRID-00810,2026-W34,LOW,0
GRID-00811,2026-W34,LOW,0
GRID-00812,2026-W34,LOW,0
GRID-00813,2026-W34,LOW,0
GRID-00814,2026-W34,LOW,0
GRID-00815,2026-W34,LOW,0
GRID-00816,2026-W34,LOW,0
GRID-00817,2026-W34,LOW,0
GRID-00818,2026-W34,LOW,0
GRID-00819,2026-W34,LOW,0
GRID-00820,2026-W34,LOW,0
GRID-00821,2026-W34,LOW,0
GRID-00822,2026-W34,LOW,0
GRID-00823,2026-W34,LOW,0
GRID-00824,2026-W34,LOW,0
GRID-00825,2026-W34,LOW,0
GRID-00826,2026-W34,LOW,0
GRID-00827,2026-W34,LOW,0
GRID-00828,2026-W34,LOW,0
GRID-00829,2026-W34,LOW,0
GRID-00830,2026-W34,LOW,0
GRID-00831,2026-W34,LOW,0
GRID-00832,2026-W34,LOW,0
GRID-00833,2026-W34,LOW,0
GRID-00834,2026-W34,LOW,0
GRID-00835,2026-W34,LOW,0
GRID-00836,2026-W34,LOW,0
GRID-00837,2026-W34,LOW,0
GRID-00838,2026-W34,LOW,0
GRID-00839,2026-W34,LOW,0
GRID-00840,2026-W34,LOW,0
GRID-00841,2026-W34,LOW,0
GRID-00842,2026-W34,LOW,0
GRID-00843,2026-W34,LOW,0
GRID-00844,2026-W34,LOW,0
GRID-00845,2026-W34,LOW,0
GRID-00846,2026-W34,LOW,0
GRID-00847,2026-W34,LOW,0
GRID-00848,2026-W34,LOW,0
GRID-00849,2026-W34,LOW,0
GRID-00850,2026-W34,LOW,0
GRID-00851,2026-W34,LOW,0
GRID-00852,2026-W34,LOW,0
GRID-00853,2026-W34,LOW,0
GRID-00854,2026-W34,LOW,0
GRID-00855,2026-W34,LOW,0
GRID-00856,2026-W34,LOW,0
GRID-00857,2026-W34,LOW,0
GRID-00858,2026-W34,LOW,0
GRID-00859,2026-W34,LOW,0
GRID-00860,2026-W34,LOW,0
GRID-00861,2026-W34,LOW,0
GRID-00862,2026-W34,LOW,0
GRID-00863,2026-W34,LOW,0
GRID-00864,2026-W34,LOW,0
GRID-00865,2026-W34,LOW,0
GRID-00866,2026-W34,LOW,0
GRID-00867,2026-W34,LOW,0
GRID-00868,2026-W34,LOW,0
GRID-00869,2026-W34,LOW,0
GRID-00870,2026-W34,LOW,0
GRID-00871,2026-W34,LOW,0
GRID-00872,2026-W34,LOW,0
GRID-00873,2026-W34,LOW,0
GRID-00874,2026-W34,LOW,0
GRID-00875,2026-W34,LOW,0
GRID-00876,2026-W34,LOW,0
GRID-00877,2026-W34,LOW,0
GRID-00878,2026-W34,LOW,0
GRID-00879,2026-W34,LOW,0
GRID-00880,2026-W34,LOW,0
GRID-00881,2026-W34,LOW,0
GRID-00882,2026-W34,LOW,0
GRID-00883,2026-W34,LOW,0
GRID-00884,2026-W34,LOW,0
GRID-00885,2026-W34,LOW,0
GRID-00886,2026-W34,LOW,0
GRID-00887,2026-W34,LOW,0
GRID-00888,2026-W34,LOW,0
GRID-00889,2026-W34,LOW,0
GRID-00890,2026-W34,LOW,0
GRID-00891,2026-W34,LOW,0
GRID-00892,2026-W34,LOW,0
GRID-00893,2026-W34,LOW,0
GRID-00894,2026-W34,LOW,0
GRID-00895,2026-W34,LOW,0
GRID-00896,2026-W34,LOW,0
GRID-00897,2026-W34,LOW,0
GRID-00898,2026-W34,LOW,0
GRID-00899,2026-W34,LOW,0
GRID-00900,2026-W34,LOW,0
GRID-00901,2026-W34,LOW,0
GRID-00902,2026-W34,LOW,0
GRID-00903,2026-W34,LOW,0
GRID-00904,2026-W34,LOW,0
GRID-00905,2026-W34,LOW,0
GRID-00906,2026-W34,LOW,0
GRID-00907,2026-W34,LOW,0
GRID-00908,2026-W34,LOW,0
GRID-00909,2026-W34,LOW,0
GRID-00910,2026-W34,LOW,0
GRID-00911,2026-W34,LOW,0
GRID-00912,2026-W34,LOW,0
GRID-00913,2026-W34,LOW,0
GRID-00914,2026-W34,LOW,0
GRID-00915,2026-W34,LOW,0
GRID-00916,2026-W34,LOW,0
GRID-00917,2026-W34,LOW,0
GRID-00918,2026-W34,LOW,0
GRID-00919,2026-W34,LOW,0
GRID-00920,2026-W34,LOW,0
GRID-00921,2026-W34,LOW,0
GRID-00922,2026-W34,LOW,0
GRID-00923,2026-W34,LOW,0
GRID-00924,2026-W34,LOW,0
GRID-00925,2026-W34,LOW,0
GRID-00926,2026-W34,LOW,0
GRID-00927,2026-W34,LOW,0
GRID-00928,2026-W34,LOW,0
GRID-00929,2026-W34,LOW,0
GRID-00930,2026-W34,LOW,0
GRID-00931,2026-W34,LOW,0
GRID-00932,2026-W34,LOW,0
GRID-00933,2026-W34,LOW,0
GRID-00934,2026-W34,LOW,0
GRID-00935,2026-W34,LOW,0
GRID-00936,2026-W34,LOW,0
GRID-00937,2026-W34,LOW,0
GRID-00938,2026-W34,LOW,0
GRID-00939,2026-W34,LOW,0
GRID-00940,2026-W34,LOW,0
GRID-00941,2026-W34,LOW,0
GRID-00942,2026-W34,LOW,0
GRID-00943,2026-W34,LOW,0
GRID-00944,2026-W34,LOW,0
GRID-00945,2026-W34,LOW,0
GRID-00946,2026-W34,LOW,0
GRID-00947,2026-W34,LOW,0
GRID-00948,2026-W34,LOW,0
GRID-00949,2026-W34,LOW,0
GRID-00950,2026-W34,LOW,0
GRID-00951,2026-W34,LOW,0
GRID-00952,2026-W34,LOW,0
GRID-00953,2026-W34,LOW,0
GRID-00954,2026-W34,LOW,0
GRID-00955,2026-W34,LOW,0
GRID-00956,2026-W34,LOW,0
GRID-00957,2026-W34,LOW,0
GRID-00958,2026-W34,LOW,0
GRID-00959,2026-W34,LOW,0
GRID-00960,2026-W34,LOW,0
GRID-00961,2026-W34,LOW,0
GRID-00962,2026-W34,LOW,0
GRID-00963,2026-W34,LOW,0
GRID-00964,2026-W34,LOW,0
GRID-00965,2026-W34,LOW,0
GRID-00966,2026-W34,LOW,0
GRID-00967,2026-W34,LOW,0
GRID-00968,2026-W34,LOW,0
GRID-00969,2026-W34,LOW,0
GRID-00970,2026-W34,LOW,0
GRID-00971,2026-W34,LOW,0
GRID-00972,2026-W34,LOW,0
GRID-00973,2026-W34,LOW,0
GRID-00974,2026-W34,LOW,0
GRID-00975,2026-W34,LOW,0
GRID-00976,2026-W34,LOW,0
GRID-00977,2026-W34,LOW,0
GRID-00978,2026-W34,LOW,0
GRID-00979,2026-W34,LOW,0
GRID-00980,2026-W34,LOW,0
GRID-00981,2026-W34,LOW,0
GRID-00982,2026-W34,LOW,0
GRID-00983,2026-W34,LOW,0
GRID-00984,2026-W34,LOW,0
GRID-00985,2026-W34,LOW,0
GRID-00986,2026-W34,LOW,0
GRID-00987,2026-W34,LOW,0
GRID-00988,2026-W34,LOW,0
GRID-00989,2026-W34,LOW,0
GRID-00990,2026-W34,LOW,0
GRID-00991,2026-W34,LOW,0
GRID-00992,2026-W34,LOW,0
GRID-00993,2026-W34,LOW,0
GRID-00994,2026-W34,LOW,0
GRID-00995,2026-W34,LOW,0
GRID-00996,2026-W34,LOW,0
GRID-00997,2026-W34,LOW,0
GRID-00998,2026-W34,LOW,0
GRID-00999,2026-W34,LOW,0
GRID-01000,2026-W34,LOW,0
GRID-01001,2026-W34,LOW,0
GRID-01002,2026-W34,LOW,0
GRID-01003,2026-W34,LOW,0
GRID-01004,2026-W34,LOW,0
GRID-01005,2026-W34,LOW,0
GRID-01006,2026-W34,LOW,0
GRID-01007,2026-W34,LOW,0
GRID-01008,2026-W34,LOW,0
GRID-01009,2026-W34,LOW,0
GRID-01010,2026-W34,LOW,0
GRID-01011,2026-W34,LOW,0
GRID-01012,2026-W34,LOW,0
GRID-01013,2026-W34,LOW,0
GRID-01014,2026-W34,LOW,0
GRID-01015,2026-W34,LOW,0
GRID-01016,2026-W34,LOW,0
GRID-01017,2026-W34,LOW,0
GRID-01018,2026-W34,LOW,0
GRID-01019,2026-W34,LOW,0
GRID-01020,2026-W34,LOW,0
GRID-01021,2026-W34,LOW,0
GRID-01022,2026-W34,LOW,0
GRID-01023,2026-W34,LOW,0
GRID-01024,2026-W34,LOW,0
GRID-01025,2026-W34,LOW,0
GRID-01026,2026-W34,LOW,0
GRID-01027,2026-W34,LOW,0
GRID-01028,2026-W34,LOW,0
GRID-01029,2026-W34,LOW,0
GRID-01030,2026-W34,LOW,0
GRID-01031,2026-W34,LOW,0
GRID-01032,2026-W34,LOW,0
GRID-01033,2026-W34,LOW,0
GRID-01034,2026-W34,LOW,0
GRID-01035,2026-W34,LOW,0
GRID-01036,2026-W34,LOW,0
GRID-01037,2026-W34,LOW,0
GRID-01038,2026-W34,LOW,0
GRID-01039,2026-W34,LOW,0
GRID-01040,2026-W34,LOW,0
GRID-01041,2026-W34,LOW,0
GRID-01042,2026-W34,LOW,0
GRID-01043,2026-W34,LOW,0
GRID-01044,2026-W34,LOW,0
GRID-01045,2026-W34,LOW,0
GRID-01046,2026-W34,LOW,0
GRID-01047,2026-W34,LOW,0
GRID-01048,2026-W34,LOW,0
GRID-01049,2026-W34,LOW,0
GRID-01050,2026-W34,LOW,0
GRID-01051,2026-W34,LOW,0
GRID-01052,2026-W34,LOW,0
GRID-01053,2026-W34,LOW,0
GRID-01054,2026-W34,LOW,0
GRID-01055,2026-W34,LOW,0
GRID-01056,2026-W34,LOW,0
GRID-01057,2026-W34,LOW,0
GRID-01058,2026-W34,LOW,0
GRID-01059,2026-W34,LOW,0
GRID-01060,2026-W34,LOW,0
GRID-01061,2026-W34,LOW,0
GRID-01062,2026-W34,LOW,0
GRID-01063,2026-W34,LOW,0
GRID-01064,2026-W34,LOW,0
GRID-01065,2026-W34,LOW,0
GRID-01066,2026-W34,LOW,0
GRID-01067,2026-W34,LOW,0
GRID-01068,2026-W34,LOW,0
GRID-01069,2026-W34,LOW,0
GRID-01070,2026-W34,LOW,0
GRID-01071,2026-W34,LOW,0
GRID-01072,2026-W34,LOW,0
GRID-01073,2026-W34,LOW,0
GRID-01074,2026-W34,LOW,0
GRID-01075,2026-W34,LOW,0
GRID-01076,2026-W34,LOW,0
GRID-01077,2026-W34,LOW,0
GRID-01078,2026-W34,LOW,0
GRID-01079,2026-W34,LOW,0
GRID-01080,2026-W34,LOW,0
GRID-01081,2026-W34,LOW,0
GRID-01082,2026-W34,LOW,0
GRID-01083,2026-W34,LOW,0
GRID-01084,2026-W34,LOW,0
GRID-01085,2026-W34,LOW,0
GRID-01086,2026-W34,LOW,0
GRID-01087,2026-W34,LOW,0
GRID-01088,2026-W34,LOW,0
GRID-01089,2026-W34,LOW,0
GRID-01090,2026-W34,LOW,0
GRID-01091,2026-W34,LOW,0
GRID-01092,2026-W34,LOW,0
GRID-01093,2026-W34,LOW,0
GRID-01094,2026-W34,LOW,0
GRID-01095,2026-W34,LOW,0
GRID-01096,2026-W34,LOW,0
GRID-01097,2026-W34,LOW,0
GRID-01098,2026-W34,LOW,0
GRID-01099,2026-W34,LOW,0
GRID-01100,2026-W34,LOW,0
GRID-01101,2026-W34,LOW,0
GRID-01102,2026-W34,LOW,0
GRID-01103,2026-W34,LOW,0
GRID-01104,2026-W34,LOW,0
GRID-01105,2026-W34,LOW,0
GRID-01106,2026-W34,LOW,0
GRID-01107,2026-W34,LOW,0
GRID-01108,2026-W34,LOW,0
GRID-01109,2026-W34,LOW,0
GRID-01110,2026-W34,LOW,0
GRID-01111,2026-W34,LOW,0
GRID-01112,2026-W34,LOW,0
GRID-01113,2026-W34,LOW,0
GRID-01114,2026-W34,LOW,0
GRID-01115,2026-W34,LOW,0
GRID-01116,2026-W34,LOW,0
GRID-01117,2026-W34,LOW,0
GRID-01118,2026-W34,LOW,0
GRID-01119,2026-W34,LOW,0
GRID-01120,2026-W34,LOW,0
GRID-01121,2026-W34,LOW,0
GRID-01122,2026-W34,LOW,0
GRID-01123,2026-W34,LOW,0
GRID-01124,2026-W34,LOW,0
GRID-01125,2026-W34,LOW,0
GRID-01126,2026-W34,LOW,0
GRID-01127,2026-W34,LOW,0
GRID-01128,2026-W34,LOW,0
GRID-01129,2026-W34,LOW,0
GRID-01130,2026-W34,LOW,0
GRID-01131,2026-W34,LOW,0
GRID-01132,2026-W34,LOW,0
GRID-01133,2026-W34,LOW,0
GRID-01134,2026-W34,LOW,0
GRID-01135,2026-W34,LOW,0
GRID-01136,2026-W34,LOW,0
GRID-01137,2026-W34,LOW,0
GRID-01138,2026-W34,LOW,0
GRID-01139,2026-W34,LOW,0
GRID-01140,2026-W34,LOW,0
GRID-01141,2026-W34,LOW,0
GRID-01142,2026-W34,LOW,0
GRID-01143,2026-W34,LOW,0
GRID-01144,2026-W34,LOW,0
GRID-01145,2026-W34,LOW,0
GRID-01146,2026-W34,LOW,0
GRID-01147,2026-W34,LOW,0
GRID-01148,2026-W34,LOW,0
GRID-01149,2026-W34,LOW,0
GRID-01150,2026-W34,LOW,0
GRID-01151,2026-W34,LOW,0
GRID-01152,2026-W34,LOW,0
GRID-01153,2026-W34,LOW,0
GRID-01154,2026-W34,LOW,0
GRID-01155,2026-W34,LOW,0
GRID-01156,2026-W34,LOW,0
GRID-01157,2026-W34,LOW,0
GRID-01158,2026-W34,LOW,0
GRID-01159,2026-W34,LOW,0
GRID-01160,2026-W34,LOW,0
GRID-01161,2026-W34,LOW,0
GRID-01162,2026-W34,LOW,0
GRID-01163,2026-W34,LOW,0
GRID-01164,2026-W34,LOW,0
GRID-01165,2026-W34,LOW,0
GRID-01166,2026-W34,LOW,0
GRID-01167,2026-W34,LOW,0
GRID-01168,2026-W34,LOW,0
GRID-01169,2026-W34,LOW,0
GRID-01170,2026-W34,LOW,0
GRID-01171,2026-W34,LOW,0
GRID-01172,2026-W34,LOW,0
GRID-01173,2026-W34,LOW,0
GRID-01174,2026-W34,LOW,0
GRID-01175,2026-W34,LOW,0
GRID-01176,2026-W34,LOW,0
GRID-01177,2026-W34,LOW,0
GRID-01178,2026-W34,LOW,0
GRID-01179,2026-W34,LOW,0
GRID-01180,2026-W34,LOW,0
GRID-01181,2026-W34,LOW,0
GRID-01182,2026-W34,LOW,0
GRID-01183,2026-W34,LOW,0
GRID-01184,2026-W34,LOW,0
GRID-01185,2026-W34,LOW,0
GRID-01186,2026-W34,LOW,0
GRID-01187,2026-W34,LOW,0
GRID-01188,2026-W34,LOW,0
GRID-01189,2026-W34,LOW,0
GRID-01190,2026-W34,LOW,0
GRID-01191,2026-W34,LOW,0
GRID-01192,2026-W34,LOW,0
GRID-01193,2026-W34,LOW,0
GRID-01194,2026-W34,LOW,0
GRID-01195,2026-W34,LOW,0
GRID-01196,2026-W34,LOW,0
GRID-01197,2026-W34,LOW,0
GRID-01198,2026-W34,LOW,0
GRID-01199,2026-W34,LOW,0
GRID-01200,2026-W34,LOW,0
GRID-01201,2026-W34,LOW,0
GRID-01202,2026-W34,LOW,0
GRID-01203,2026-W34,LOW,0
GRID-01204,2026-W34,LOW,0
GRID-01205,2026-W34,LOW,0
GRID-01206,2026-W34,LOW,0
GRID-01207,2026-W34,LOW,0
GRID-01208,2026-W34,LOW,0
GRID-01209,2026-W34,LOW,0
GRID-01210,2026-W34,LOW,0
GRID-01211,2026-W34,LOW,0
GRID-01212,2026-W34,LOW,0
GRID-01213,2026-W34,LOW,0
GRID-01214,2026-W34,LOW,0
GRID-01215,2026-W34,LOW,0
GRID-01216,2026-W34,LOW,0
GRID-01217,2026-W34,LOW,0
GRID-01218,2026-W34,LOW,0
GRID-01219,2026-W34,LOW,0
GRID-01220,2026-W34,LOW,0
GRID-01221,2026-W34,LOW,0
GRID-01222,2026-W34,LOW,0
GRID-01223,2026-W34,LOW,0
GRID-01224,2026-W34,LOW,0
GRID-01225,2026-W34,LOW,0
GRID-01226,2026-W34,LOW,0
GRID-01227,2026-W34,LOW,0
GRID-01228,2026-W34,LOW,0
GRID-01229,2026-W34,LOW,0
GRID-01230,2026-W34,LOW,0
GRID-01231,2026-W34,LOW,0
GRID-01232,2026-W34,LOW,0
GRID-01233,2026-W34,LOW,0
GRID-01234,2026-W34,LOW,0
GRID-01235,2026-W34,LOW,0
GRID-01236,2026-W34,LOW,0
GRID-01237,2026-W34,LOW,0
GRID-01238,2026-W34,LOW,0
GRID-01239,2026-W34,LOW,0
GRID-01240,2026-W34,LOW,0
GRID-01241,2026-W34,LOW,0
GRID-01242,2026-W34,LOW,0
GRID-01243,2026-W34,LOW,0
GRID-01244,2026-W34,LOW,0
GRID-01245,2026-W34,LOW,0
GRID-01246,2026-W34,LOW,0
GRID-01247,2026-W34,LOW,0
GRID-01248,2026-W34,LOW,0
GRID-01249,2026-W34,LOW,0
GRID-01250,2026-W34,LOW,0
GRID-01251,2026-W34,LOW,0
GRID-01252,2026-W34,LOW,0
GRID-01253,2026-W34,LOW,0
GRID-01254,2026-W34,LOW,0
GRID-01255,2026-W34,LOW,0
GRID-01256,2026-W34,LOW,0
GRID-01257,2026-W34,LOW,0
GRID-01258,2026-W34,LOW,0
GRID-01259,2026-W34,LOW,0
GRID-01260,2026-W34,LOW,0
GRID-01261,2026-W34,LOW,0
GRID-01262,2026-W34,LOW,0
GRID-01263,2026-W34,LOW,0
GRID-01264,2026-W34,LOW,0
GRID-01265,2026-W34,LOW,0
GRID-01266,2026-W34,LOW,0
GRID-01267,2026-W34,LOW,0
GRID-01268,2026-W34,LOW,0
GRID-01269,2026-W34,LOW,0
GRID-01270,2026-W34,LOW,0
GRID-01271,2026-W34,LOW,0
GRID-01272,2026-W34,LOW,0
GRID-01273,2026-W34,LOW,0
GRID-01274,2026-W34,LOW,0
GRID-01275,2026-W34,LOW,0
GRID-01276,2026-W34,LOW,0
GRID-01277,2026-W34,LOW,0
GRID-01278,2026-W34,LOW,0
GRID-01279,2026-W34,LOW,0
GRID-01280,2026-W34,LOW,0
GRID-01281,2026-W34,LOW,0
GRID-01282,2026-W34,LOW,0
GRID-01283,2026-W34,LOW,0
GRID-01284,2026-W34,LOW,0
GRID-01285,2026-W34,LOW,0
GRID-01286,2026-W34,LOW,0
GRID-01287,2026-W34,LOW,0
GRID-01288,2026-W34,LOW,0
GRID-01289,2026-W34,LOW,0
GRID-01290,2026-W34,LOW,0
GRID-01291,2026-W34,LOW,0
GRID-01292,2026-W34,LOW,0
GRID-01293,2026-W34,LOW,0
GRID-01294,2026-W34,LOW,0
GRID-01295,2026-W34,LOW,0
GRID-01296,2026-W34,LOW,0
GRID-01297,2026-W34,LOW,0
GRID-01298,2026-W34,LOW,0
GRID-01299,2026-W34,LOW,0
GRID-01300,2026-W34,LOW,0
GRID-01301,2026-W34,LOW,0
GRID-01302,2026-W34,LOW,0
GRID-01303,2026-W34,LOW,0
GRID-01304,2026-W34,LOW,0
GRID-01305,2026-W34,LOW,0
GRID-01306,2026-W34,LOW,0
GRID-01307,2026-W34,LOW,0
GRID-01308,2026-W34,LOW,0
GRID-01309,2026-W34,LOW,0
GRID-01310,2026-W34,LOW,0
GRID-01311,2026-W34,LOW,0
GRID-01312,2026-W34,LOW,0
GRID-01313,2026-W34,LOW,0
GRID-01314,2026-W34,LOW,0
GRID-01315,2026-W34,LOW,0
GRID-01316,2026-W34,LOW,0
GRID-01317,2026-W34,LOW,0
GRID-01318,2026-W34,LOW,0
GRID-01319,2026-W34,LOW,0
GRID-01320,2026-W34,LOW,0
GRID-01321,2026-W34,LOW,0
GRID-01322,2026-W34,LOW,0
GRID-01323,2026-W34,LOW,0
GRID-01324,2026-W34,LOW,0
GRID-01325,2026-W34,LOW,0
GRID-01326,2026-W34,LOW,0
GRID-01327,2026-W34,LOW,0
GRID-01328,2026-W34,LOW,0
GRID-01329,2026-W34,LOW,0
GRID-01330,2026-W34,LOW,0
GRID-01331,2026-W34,LOW,0
GRID-01332,2026-W34,LOW,0
GRID-01333,2026-W34,LOW,0
GRID-01334,2026-W34,LOW,0
GRID-01335,2026-W34,LOW,0
GRID-01336,2026-W34,LOW,0
GRID-01337,2026-W34,LOW,0
GRID-01338,2026-W34,LOW,0
GRID-01339,2026-W34,LOW,0
GRID-01340,2026-W34,LOW,0
GRID-01341,2026-W34,LOW,0
GRID-01342,2026-W34,LOW,0
GRID-01343,2026-W34,LOW,0
GRID-01344,2026-W34,LOW,0
GRID-01345,2026-W34,LOW,0
GRID-01346,2026-W34,LOW,0
GRID-01347,2026-W34,LOW,0
GRID-01348,2026-W34,LOW,0
GRID-01349,2026-W34,LOW,0
GRID-01350,2026-W34,LOW,0
GRID-01351,2026-W34,LOW,0
GRID-01352,2026-W34,LOW,0
GRID-01353,2026-W34,LOW,0
GRID-01354,2026-W34,LOW,0
GRID-01355,2026-W34,LOW,0
GRID-01356,2026-W34,LOW,0
GRID-01357,2026-W34,LOW,0
GRID-01358,2026-W34,LOW,0
GRID-01359,2026-W34,LOW,0
GRID-01360,2026-W34,LOW,0
GRID-01361,2026-W34,LOW,0
GRID-01362,2026-W34,LOW,0
GRID-01363,2026-W34,LOW,0
GRID-01364,2026-W34,LOW,0
GRID-01365,2026-W34,LOW,0
GRID-01366,2026-W34,LOW,0
GRID-01367,2026-W34,LOW,0
GRID-01368,2026-W34,LOW,0
GRID-01369,2026-W34,LOW,0
GRID-01370,2026-W34,LOW,0
GRID-01371,2026-W34,LOW,0
GRID-01372,2026-W34,LOW,0
GRID-01373,2026-W34,LOW,0
GRID-01374,2026-W34,LOW,0
GRID-01375,2026-W34,LOW,0
GRID-01376,2026-W34,LOW,0
GRID-01377,2026-W34,LOW,0
GRID-01378,2026-W34,LOW,0
GRID-01379,2026-W34,LOW,0
GRID-01380,2026-W34,LOW,0
GRID-01381,2026-W34,LOW,0
GRID-01382,2026-W34,LOW,0
GRID-01383,2026-W34,LOW,0
GRID-01384,2026-W34,LOW,0
GRID-01385,2026-W34,LOW,0
GRID-01386,2026-W34,LOW,0
GRID-01387,2026-W34,LOW,0
GRID-01388,2026-W34,LOW,0
GRID-01389,2026-W34,LOW,0
GRID-01390,2026-W34,LOW,0
GRID-01391,2026-W34,LOW,0
GRID-01392,2026-W34,LOW,0
GRID-01393,2026-W34,LOW,0
GRID-01394,2026-W34,LOW,0
GRID-01395,2026-W34,LOW,0
GRID-01396,2026-W34,LOW,0
GRID-01397,2026-W34,LOW,0
GRID-01398,2026-W34,LOW,0
GRID-01399,2026-W34,LOW,0
GRID-01400,2026-W34,LOW,0
GRID-01401,2026-W34,LOW,0
GRID-01402,2026-W34,LOW,0
GRID-01403,2026-W34,LOW,0
GRID-01404,2026-W34,LOW,0
GRID-01405,2026-W34,LOW,0
GRID-01406,2026-W34,LOW,0
GRID-01407,2026-W34,LOW,0
GRID-01408,2026-W34,LOW,0
GRID-01409,2026-W34,LOW,0
GRID-01410,2026-W34,LOW,0
GRID-01411,2026-W34,LOW,0
GRID-01412,2026-W34,LOW,0
GRID-01413,2026-W34,LOW,0
GRID-01414,2026-W34,LOW,0
GRID-01415,2026-W34,LOW,0
GRID-01416,2026-W34,LOW,0
GRID-01417,2026-W34,LOW,0
GRID-01418,2026-W34,LOW,0
GRID-01419,2026-W34,LOW,0
GRID-01420,2026-W34,LOW,0
GRID-01421,2026-W34,LOW,0
GRID-01422,2026-W34,LOW,0
GRID-01423,2026-W34,LOW,0
GRID-01424,2026-W34,LOW,0
GRID-01425,2026-W34,LOW,0
GRID-01426,2026-W34,LOW,0
GRID-01427,2026-W34,LOW,0
GRID-01428,2026-W34,LOW,0
GRID-01429,2026-W34,LOW,0
GRID-01430,2026-W34,LOW,0
KEC-01,2026-W34,LOW,0
KEC-02,2026-W34,LOW,0
KEC-03,2026-W34,LOW,0
KEC-04,2026-W34,LOW,0
KEC-05,2026-W34,LOW,0
KEC-06,2026-W34,LOW,0
KEC-07,2026-W34,LOW,0
KEC-08,2026-W34,LOW,0
KEC-09,2026-W34,LOW,0
KEC-10,2026-W34,LOW,0
KEC-11,2026-W34,LOW,0
KEC-12,2026-W34,LOW,0
KEC-13,2026-W34,LOW,0
KEC-14,2026-W34,LOW,0
KEC-15,2026-W34,LOW,0
KEC-16,2026-W34,LOW,0
KEC-17,2026-W34,LOW,0
KEC-18,2026-W34,LOW,0
KEC-19,2026-W34,LOW,0
KEC-20,2026-W34,LOW,0
KEC-21,2026-W34,LOW,0
KEC-22,2026-W34,LOW,0
KEC-23,2026-W34,LOW,0
KEC-24,2026-W34,LOW,0
KEC-25,2026-W34,LOW,0
KEC-26,2026-W34,LOW,0
KEC-27,2026-W34,LOW,0
KEC-28,2026-W34,LOW,0
KEC-29,2026-W34,LOW,0
KEC-30,2026-W34,LOW,0
KEC-31,2026-W34,LOW,0
KEC-32,2026-W34,LOW,0
KEC-33,2026-W34,LOW,0
KEC-34,2026-W34,LOW,0
KEC-35,2026-W34,LOW,0
KEC-36,2026-W34,LOW,0
KEC-37,2026-W34,LOW,0
KEC-38,2026-W34,LOW,0
KEC-39,2026-W34,LOW,0
KEC-40,2026-W34,LOW,0
KEC-41,2026-W34,LOW,0
KEC-42,2026-W34,LOW,0
KEC-43,2026-W34,LOW,0
KEC-44,2026-W34,LOW,0
KEC-45,2026-W34,LOW,0
