grid_id,iso_week,cumulative_rainfall_mm,ndvi
LS-00001,2026-W30,4.636874675750732,0.8457389405542767
LS-00002,2026-W30,4.636874675750732,0.8389711778214594
LS-00003,2026-W30,4.636874675750732,0.7671452454546033
LS-00004,2026-W30,4.636874675750732,0.8113865871637457
LS-00005,2026-W30,4.636874675750732,0.8262660037705752
LS-00006,2026-W30,4.636874675750732,0.7990868021333495
LS-00007,2026-W30,4.636874675750732,0.8265459313919146
LS-00008,2026-W30,4.636874675750732,0.8347909750807273
LS-00009,2026-W30,4.636874675750732,0.8547575091679562
LS-00010,2026-W30,4.636874675750732,0.8480237309450397
LS-00011,2026-W30,4.636874675750732,0.8549467783792308
LS-00012,2026-W30,4.636874675750732,0.8673215540138425
LS-00013,2026-W30,4.636874675750732,0.8531286943316362
LS-00014,2026-W30,4.636874675750732,0.8594969245595419
LS-00015,2026-W30,4.636874675750732,0.8703852643985595
LS-00016,2026-W30,4.636874675750732,0.7682443964110557
LS-00017,2026-W30,4.636874675750732,0.8045136151568241
LS-00018,2026-W30,4.636874675750732,0.8239924332064164
LS-00019,2026-W30,4.636874675750732,0.7711223142868746
LS-00020,2026-W30,4.636874675750732,0.8107446996112792
LS-00021,2026-W30,4.636874675750732,0.7897062498673237
LS-00022,2026-W30,4.636874675750732,0.8501837519469291
LS-00023,2026-W30,4.636874675750732,0.8583929737775589
LS-00024,2026-W30,4.636874675750732,0.8626939039287264
LS-00025,2026-W30,4.636874675750732,0.8445797157102166
LS-00026,2026-W30,4.636874675750732,0.8576149814877061
LS-00027,2026-W30,4.636874675750732,0.8513007878529341
LS-00028,2026-W30,4.636874675750732,0.8381830652219299
LS-00029,2026-W30,4.636874675750732,0.8440763140273676
LS-00030,2026-W30,4.636874675750732,0.8278891024705383
LS-00031,2026-W30,4.636874675750732,0.8579184960349591
LS-00032,2026-W30,4.636874675750732,0.8642710441701603
LS-00033,2026-W30,4.636874675750732,0.8606794046507208
LS-00034,2026-W30,4.636874675750732,0.8426082277129449
LS-00035,2026-W30,4.636874675750732,0.8244070623064155
LS-00036,2026-W30,4.319965974890071,0.8441746595696955
LS-00037,2026-W30,4.636874675750732,0.8514476400169553
LS-00038,2026-W30,4.636874675750732,0.8499327906487865
LS-00039,2026-W30,4.636874675750732,0.8649170398363907
LS-00040,2026-W30,4.16959273168283,0.8570428916481355
LS-00041,2026-W30,4.636874675750732,0.8740120494326453
LS-00042,2026-W30,4.636874675750732,0.8556680529427614
LS-00043,2026-W30,0.0,0.8269979717316683
LS-00044,2026-W30,0.0,0.8501819015212418
LS-00045,2026-W30,0.0,0.8311511425801797
LS-00046,2026-W30,0.0,0.8488681050612937
LS-00047,2026-W30,0.0,0.8275529404932668
LS-00048,2026-W30,0.0,0.8107161271495115
LS-00049,2026-W30,4.636874675750732,0.8719323514467534
LS-00050,2026-W30,4.636874675750732,0.8682695749226637
LS-00051,2026-W30,4.636874675750732,0.8632003167483436
LS-00052,2026-W30,4.636874675750732,0.8698596341825177
LS-00053,2026-W30,4.636874675750732,0.8646208165584371
LS-00054,2026-W30,4.636874675750732,0.855118982775423
LS-00055,2026-W30,4.636874675750732,0.861070286265461
LS-00056,2026-W30,4.636874675750732,0.8286439450794449
LS-00057,2026-W30,4.636874675750732,0.8424352517685473
LS-00058,2026-W30,4.636874675750732,0.8264525468584855
LS-00059,2026-W30,4.165942091494799,0.8615282261406201
LS-00060,2026-W30,4.636874675750732,0.8599156451361578
LS-00061,2026-W30,4.636874675750732,0.8454580411161763
LS-00062,2026-W30,4.636874675750732,0.8525588306968257
LS-00063,2026-W30,4.129716508090497,0.8404158147967968
LS-00064,2026-W30,4.0956052583479226,0.8230171910744833
LS-00065,2026-W30,4.636874675750732,0.8228318639024477
LS-00066,2026-W30,4.636874675750732,0.8204245338624746
LS-00067,2026-W30,4.636874675750732,0.8551069495139446
LS-00068,2026-W30,4.075378132984042,0.8471859001108728
LS-00069,2026-W30,4.636874675750732,0.639375723217164
LS-00070,2026-W30,4.636874675750732,0.56230287131288
LS-00071,2026-W30,4.636874675750732,0.8369725733430334
LS-00072,2026-W30,4.636874675750732,0.4804254605703502
LS-00073,2026-W30,4.636874675750732,0.8388390308469871
LS-00074,2026-W30,4.636874675750732,0.5425586743349061
LS-00075,2026-W30,4.636874675750732,0.8478375110500113
LS-00076,2026-W30,4.636874675750732,0.4366278778241972
LS-00077,2026-W30,4.636874675750732,0.844389725309455
LS-00078,2026-W30,4.636874675750732,0.4850209284240099
LS-00079,2026-W30,4.636874675750732,0.8447979127422596
LS-00080,2026-W30,4.636874675750732,0.8763053920660804
LS-00081,2026-W30,4.636874675750732,0.8699266315588894
LS-00082,2026-W30,4.636874675750732,0.8556257264348103
LS-00083,2026-W30,4.636874675750732,0.8465951869585309
LS-00084,2026-W30,4.636874675750732,0.8557119778461155
LS-00085,2026-W30,4.636874675750732,0.8456773616557461
LS-00086,2026-W30,4.636874675750732,0.8470336359884129
LS-00087,2026-W30,4.636874675750732,0.840709400426859
LS-00088,2026-W30,4.636874675750732,0.8361961132787595
LS-00089,2026-W30,4.636874675750732,0.8597562231956668
LS-00090,2026-W30,4.636874675750732,0.8593833514948033
LS-00091,2026-W30,4.636874675750732,0.861264048292684
LS-00092,2026-W30,4.636874675750732,0.8635223466836632
LS-00093,2026-W30,4.636874675750732,0.8577340547500139
LS-00094,2026-W30,4.636874675750732,0.8695990756931743
LS-00095,2026-W30,4.636874675750732,0.856007298242729
LS-00096,2026-W30,4.636874675750732,0.8535512231318187
LS-00097,2026-W30,4.636874675750732,0.8349499711971167
LS-00098,2026-W30,4.636874675750732,0.8153169563740752
LS-00099,2026-W30,4.636874675750732,0.8330022489789435
LS-00100,2026-W30,4.636874675750732,0.7777287264761759
LS-00101,2026-W30,4.636874675750732,0.8632645469573114
LS-00102,2026-W30,4.636874675750732,0.8573804309372874
LS-00103,2026-W30,4.636874675750732,0.863044210739912
LS-00104,2026-W30,4.636874675750732,0.8633563598934422
LS-00105,2026-W30,4.636874675750732,0.8486050670477766
LS-00106,2026-W30,4.636874675750732,0.8719880276476552
LS-00107,2026-W30,4.636874675750732,0.83264806337978
LS-00108,2026-W30,4.636874675750732,0.8193861601780659
LS-00109,2026-W30,4.636874675750732,0.8540287839381843
LS-00110,2026-W30,4.636874675750732,0.8605208530989302
LS-00111,2026-W30,4.636874675750732,0.8606914140799327
LS-00112,2026-W30,4.636874675750732,0.8737277688943562
LS-00113,2026-W30,4.636874675750732,0.8560158585312158
LS-00114,2026-W30,4.636874675750732,0.8619024428197269
LS-00115,2026-W30,4.636874675750732,0.8712590861261507
LS-00116,2026-W30,4.636874675750732,0.8632104066775468
LS-00117,2026-W30,4.636874675750732,0.8184451907360443
LS-00118,2026-W30,4.636874675750732,0.832741573972105
LS-00119,2026-W30,4.636874675750732,0.8587891604092283
LS-00120,2026-W30,4.636874675750732,0.8585038514179787
LS-00121,2026-W30,4.636874675750732,0.6775459143236924
LS-00122,2026-W30,4.636874675750732,0.7812008401339046
LS-00123,2026-W30,4.636874675750732,0.7611550595499064
LS-00124,2026-W30,4.636874675750732,0.8315705838101743
LS-00125,2026-W30,4.636874675750732,0.7511638960951897
LS-00126,2026-W30,4.636874675750732,0.6959175213682902
LS-00127,2026-W30,4.636874675750732,0.7869370238539691
LS-00128,2026-W30,4.636874675750732,0.7700474818683978
LS-00129,2026-W30,4.636874675750732,0.823133963243581
LS-00130,2026-W30,4.636874675750732,0.8580752153150725
LS-00131,2026-W30,4.636874675750732,0.8626038508169861
LS-00132,2026-W30,4.636874675750732,0.8419520490815304
LS-00133,2026-W30,4.636874675750732,0.8598042255213827
LS-00134,2026-W30,4.636874675750732,0.8674369340872319
LS-00135,2026-W30,4.636874675750732,0.8296446008023186
LS-00136,2026-W30,4.636874675750732,0.7400076162040204
LS-00137,2026-W30,4.636874675750732,0.8721515072506716
LS-00138,2026-W30,4.636874675750732,0.6302354651524198
LS-00139,2026-W30,4.636874675750732,0.8121695149627105
LS-00140,2026-W30,4.636874675750732,0.8588963865111179
LS-00141,2026-W30,4.636874675750732,0.8712714160805366
LS-00142,2026-W30,4.636874675750732,0.8720273335081602
LS-00143,2026-W30,4.636874675750732,0.8700772312329366
LS-00144,2026-W30,4.636874675750732,0.8611399147639729
LS-00145,2026-W30,4.636874675750732,0.8672948364320691
LS-00146,2026-W30,4.636874675750732,0.867825680362601
LS-00147,2026-W30,4.636874675750732,0.8415949818137054
LS-00148,2026-W30,4.636874675750732,0.8470619941243545
LS-00149,2026-W30,4.636874675750732,0.6251961099239122
LS-00150,2026-W30,4.636874675750732,0.4508296749799551
LS-00151,2026-W30,4.636874675750732,0.7299273156738902
LS-00152,2026-W30,4.636874675750732,0.735778546360155
LS-00153,2026-W30,4.636874675750732,0.8254084210416253
LS-00154,2026-W30,4.636874675750732,0.760832801353015
LS-00155,2026-W30,4.636874675750732,0.8271175925512085
LS-00156,2026-W30,4.717246459614148,0.7356285778759154
LS-00157,2026-W30,4.636874675750732,0.7627197990799282
LS-00158,2026-W30,4.650533210272077,0.7555833259988356
LS-00159,2026-W30,4.636874675750732,0.8502228392323239
LS-00160,2026-W30,4.636874675750732,0.7973093363036657
LS-00161,2026-W30,4.636874675750732,0.8603578130350436
LS-00162,2026-W30,4.636874675750732,0.8615367080412077
LS-00163,2026-W30,4.636874675750732,0.8443131653051176
LS-00164,2026-W30,4.636874675750732,0.8387064492408871
LS-00165,2026-W30,4.636874675750732,0.8403396880460712
LS-00166,2026-W30,4.636874675750732,0.8329074512293342
LS-00167,2026-W30,4.636874675750732,0.8495788769192636
LS-00168,2026-W30,4.636874675750732,0.8525034857411706
LS-00169,2026-W30,0.0,0.8353361749944889
LS-00170,2026-W30,0.0,0.8243113943396863
LS-00171,2026-W30,0.0,0.8405913531844219
LS-00172,2026-W30,0.0,0.8330748201201911
LS-00173,2026-W30,0.0,0.8184350061207044
LS-00174,2026-W30,0.0,0.8452215134008378
LS-00175,2026-W30,0.0,0.8221752030920761
LS-00176,2026-W30,0.0,0.8254461701306696
LS-00177,2026-W30,0.0,0.8411382285575639
LS-00178,2026-W30,0.0,0.8467014691578756
LS-00179,2026-W30,4.699805736541748,0.8266150578591381
LS-00180,2026-W30,4.699805736541748,0.8293357213795001
LS-00181,2026-W30,0.0,0.8241007085645945
LS-00182,2026-W30,0.0,0.8432592418565802
LS-00183,2026-W30,0.0,0.8321833892756382
LS-00184,2026-W30,4.699805736541748,0.8341968833838552
LS-00185,2026-W30,4.699805736541748,0.8331945115730119
LS-00186,2026-W30,4.699805736541748,0.8265126752364843
LS-00187,2026-W30,4.699805736541748,0.8199586692318653
LS-00188,2026-W30,4.699805736541748,0.8371237826158717
LS-00189,2026-W30,4.699805736541748,0.8354297302559976
LS-00190,2026-W30,4.699805736541748,0.8306699395851791
LS-00191,2026-W30,4.699805736541748,0.8253600674107368
LS-00192,2026-W30,4.699805736541748,0.8340530691826534
LS-00193,2026-W30,4.699805736541748,0.8372931323561957
LS-00194,2026-W30,4.699805736541748,0.8443729384588536
LS-00195,2026-W30,4.699805736541748,0.8151295261871014
LS-00196,2026-W30,4.699805736541748,0.830955160741199
LS-00197,2026-W30,4.699805736541748,0.8310713141882505
LS-00198,2026-W30,4.699805736541748,0.8237626848305812
LS-00199,2026-W30,4.699805736541748,0.8471050536976799
LS-00200,2026-W30,4.699805736541748,0.832726762867427
LS-00201,2026-W30,4.699805736541748,0.8495751243062429
LS-00202,2026-W30,4.699805736541748,0.8268295865664763
LS-00203,2026-W30,4.699805736541748,0.847708748208141
LS-00204,2026-W30,4.699805736541748,0.8464663117275729
LS-00205,2026-W30,4.699805736541748,0.8344138062516505
LS-00206,2026-W30,4.699805736541748,0.8475823878692146
LS-00207,2026-W30,4.699805736541748,0.8392598370475208
LS-00208,2026-W30,4.636874675750732,0.845959997985925
LS-00209,2026-W30,4.636874675750732,0.8458603217187383
LS-00210,2026-W30,4.636874675750732,0.8393357747839038
LS-00211,2026-W30,4.636874675750732,0.8685031429454494
LS-00212,2026-W30,4.636874675750732,0.8606640180335741
LS-00213,2026-W30,4.636874675750732,0.8736530393402107
LS-00214,2026-W30,4.636874675750732,0.8675379879916231
LS-00215,2026-W30,4.636874675750732,0.8587749055199372
LS-00216,2026-W30,4.636874675750732,0.8678141461093838
LS-00217,2026-W30,5.349850177764893,0.8550226542770446
LS-00218,2026-W30,4.636874675750732,0.8599781060186031
LS-00219,2026-W30,4.636874675750732,0.8595927454232801
LS-00220,2026-W30,4.636874675750732,0.8672927366129345
LS-00221,2026-W30,4.03915254957974,0.8516657504380366
LS-00222,2026-W30,4.636874675750732,0.8471906760019126
LS-00223,2026-W30,4.005393688780788,0.8405898681129387
LS-00224,2026-W30,4.636874675750732,0.8553589704559593
LS-00225,2026-W30,5.258437678217887,0.8345151260606963
LS-00226,2026-W30,5.349850177764893,0.8462447447196274
LS-00227,2026-W30,5.349850177764893,0.8336798554906207
LS-00228,2026-W30,4.699805736541748,0.8340432379261535
LS-00229,2026-W30,4.699805736541748,0.8373030926189996
LS-00230,2026-W30,4.699805736541748,0.8305443724862673
LS-00231,2026-W30,4.699805736541748,0.8347588899931856
LS-00232,2026-W30,4.699805736541748,0.8315039608478622
LS-00233,2026-W30,5.248280733823776,0.8304250312314674
LS-00234,2026-W30,4.699805736541748,0.827253985420545
LS-00235,2026-W30,4.699805736541748,0.8310566436732197
LS-00236,2026-W30,4.699805736541748,0.8395173697173647
LS-00237,2026-W30,5.245741497725248,0.8252059501550199
LS-00238,2026-W30,5.349850177764893,0.8433719957312497
LS-00239,2026-W30,5.349850177764893,0.8630144994600513
LS-00240,2026-W30,5.349850177764893,0.8587011446582762
LS-00241,2026-W30,5.349850177764893,0.8712139130239716
LS-00242,2026-W30,5.349850177764893,0.8602165377188175
LS-00243,2026-W30,5.349850177764893,0.805046905886911
LS-00244,2026-W30,5.349850177764893,0.8548209387214415
LS-00245,2026-W30,5.349850177764893,0.8567848211135225
LS-00246,2026-W30,5.349850177764893,0.852256298858607
LS-00247,2026-W30,5.349850177764893,0.8349239055218247
LS-00248,2026-W30,5.349850177764893,0.8153872135431944
LS-00249,2026-W30,5.349850177764893,0.8260121886938988
LS-00250,2026-W30,5.253359206020831,0.8244193869167045
LS-00251,2026-W30,5.349850177764893,0.8292424070469705
LS-00252,2026-W30,5.349850177764893,0.8248083042534863
LS-00253,2026-W30,5.349850177764893,0.8303317335557712
LS-00254,2026-W30,5.349850177764893,0.8347054204312697
LS-00255,2026-W30,5.349850177764893,0.8284177408682047
LS-00256,2026-W30,5.349850177764893,0.8377406296317504
LS-00257,2026-W30,5.349850177764893,0.8547811172335813
LS-00258,2026-W30,5.349850177764893,0.816834001818012
LS-00259,2026-W30,5.349850177764893,0.7976932186124179
LS-00260,2026-W30,5.349850177764893,0.7674607574574188
LS-00261,2026-W30,5.349850177764893,0.8070811800652935
LS-00262,2026-W30,5.349850177764893,0.7399435823777937
LS-00263,2026-W30,5.349850177764893,0.7584060810509553
LS-00264,2026-W30,5.349850177764893,0.7692905884807968
LS-00265,2026-W30,5.349850177764893,0.8536865989813537
LS-00266,2026-W30,5.349850177764893,0.7978438669937408
LS-00267,2026-W30,5.349850177764893,0.8637165494380031
LS-00268,2026-W30,4.699805736541748,0.8409414547021399
LS-00269,2026-W30,4.699805736541748,0.8399566101086541
LS-00270,2026-W30,4.699805736541748,0.8322423446444881
LS-00271,2026-W30,5.2406630255281925,0.8347995971556549
LS-00272,2026-W30,5.235584553331137,0.8556788214811375
LS-00273,2026-W30,4.699805736541748,0.8470953773929348
LS-00274,2026-W30,4.699805736541748,0.8476053983370831
LS-00275,2026-W30,4.699805736541748,0.8511038062703553
LS-00276,2026-W30,5.230506081134081,0.8526260463342211
LS-00277,2026-W30,4.699805736541748,0.8545406319356385
LS-00278,2026-W30,5.349850177764893,0.7790543922426462
LS-00279,2026-W30,5.349850177764893,0.7504975046303528
LS-00280,2026-W30,5.349850177764893,0.8569987320682838
LS-00281,2026-W30,5.349850177764893,0.867124934088075
LS-00282,2026-W30,5.349850177764893,0.8724003327998733
LS-00283,2026-W30,5.349850177764893,0.745438708129586
LS-00284,2026-W30,5.349850177764893,0.8462691642240138
LS-00285,2026-W30,5.349850177764893,0.8768755509613786
LS-00286,2026-W30,5.349850177764893,0.8379861864865432
LS-00287,2026-W30,5.349850177764893,0.8703782761531814
LS-00288,2026-W30,5.349850177764893,0.8711641059959504
LS-00289,2026-W30,5.349850177764893,0.8759668795951285
LS-00290,2026-W30,5.349850177764893,0.7489036637947011
LS-00291,2026-W30,5.349850177764893,0.7821810780182593
LS-00292,2026-W30,5.349850177764893,0.875865077594875
LS-00293,2026-W30,5.349850177764893,0.7766958222828613
LS-00294,2026-W30,5.349850177764893,0.8366141902991806
LS-00295,2026-W30,5.349850177764893,0.7501090237060215
LS-00296,2026-W30,5.349850177764893,0.7688118860741152
LS-00297,2026-W30,5.349850177764893,0.718582862472671
LS-00298,2026-W30,5.227966845035554,0.8696746801610915
LS-00299,2026-W30,4.699805736541748,0.8586192279851397
LS-00300,2026-W30,4.699805736541748,0.8656909154777623
LS-00301,2026-W30,4.699805736541748,0.865567772185527
LS-00302,2026-W30,5.222888372838497,0.870120701026602
LS-00303,2026-W30,4.699805736541748,0.8740555806451493
LS-00304,2026-W30,5.217809900641442,0.8643315674423183
LS-00305,2026-W30,4.699805736541748,0.8670595234800219
LS-00306,2026-W30,4.699805736541748,0.8589811554552766
LS-00307,2026-W30,4.699805736541748,0.8665183958886465
LS-00308,2026-W30,4.636874675750732,0.8802639597853806
LS-00309,2026-W30,4.636874675750732,0.8721223778872728
LS-00310,2026-W30,4.636874675750732,0.8753972346872797
LS-00311,2026-W30,4.636874675750732,0.7670478868590153
LS-00312,2026-W30,5.349850177764893,0.7928126529236068
LS-00313,2026-W30,5.349850177764893,0.8367530977792061
LS-00314,2026-W30,5.349850177764893,0.8646950841573204
LS-00315,2026-W30,5.349850177764893,0.8466122663114742
LS-00316,2026-W30,5.349850177764893,0.8711401382738974
LS-00317,2026-W30,5.349850177764893,0.8731693953765373
LS-00318,2026-W30,5.349850177764893,0.8679770298005882
LS-00319,2026-W30,5.349850177764893,0.5889729229986468
LS-00320,2026-W30,5.349850177764893,0.7953139802537569
LS-00321,2026-W30,5.349850177764893,0.8629562456516656
LS-00322,2026-W30,5.349850177764893,0.8523353117991951
LS-00323,2026-W30,5.349850177764893,0.7228182524904684
LS-00324,2026-W30,5.349850177764893,0.8346018757018031
LS-00325,2026-W30,5.349850177764893,0.8401460004115908
LS-00326,2026-W30,5.349850177764893,0.7366033313436259
LS-00327,2026-W30,5.349850177764893,0.8374123764589559
LS-00328,2026-W30,5.349850177764893,0.8233695665637749
LS-00329,2026-W30,5.349850177764893,0.6814815865287674
LS-00330,2026-W30,5.349850177764893,0.6412556204386016
LS-00331,2026-W30,5.349850177764893,0.7774358417910717
LS-00332,2026-W30,5.349850177764893,0.7762062863669114
LS-00333,2026-W30,5.349850177764893,0.8636275440056486
LS-00334,2026-W30,5.349850177764893,0.8552083358546932
LS-00335,2026-W30,5.349850177764893,0.8502572544049354
LS-00336,2026-W30,5.349850177764893,0.8557179822674917
LS-00337,2026-W30,5.349850177764893,0.8694609887454728
LS-00338,2026-W30,5.349850177764893,0.827451599691049
LS-00339,2026-W30,5.349850177764893,0.8275081232686701
LS-00340,2026-W30,5.349850177764893,0.7540120569167365
LS-00341,2026-W30,5.349850177764893,0.8252466114559368
LS-00342,2026-W30,5.349850177764893,0.8480145716214862
LS-00343,2026-W30,5.349850177764893,0.8389457678329875
LS-00344,2026-W30,5.349850177764893,0.8420399367905538
LS-00345,2026-W30,5.349850177764893,0.75046396007078
LS-00346,2026-W30,5.349850177764893,0.862832335884092
LS-00347,2026-W30,5.349850177764893,0.8312552102912334
LS-00348,2026-W30,5.349850177764893,0.866678849648083
LS-00349,2026-W30,5.349850177764893,0.8468832139291858
LS-00350,2026-W30,5.349850177764893,0.8363736819349467
LS-00351,2026-W30,5.349850177764893,0.8629531145115181
LS-00352,2026-W30,5.349850177764893,0.8512046153405481
LS-00353,2026-W30,5.349850177764893,0.8514928756704081
LS-00354,2026-W30,5.349850177764893,0.8560190937661428
LS-00355,2026-W30,5.349850177764893,0.8605930508401998
LS-00356,2026-W30,5.349850177764893,0.8597076099263998
LS-00357,2026-W30,5.349850177764893,0.8700996940530853
LS-00358,2026-W30,5.349850177764893,0.8652145261276285
LS-00359,2026-W30,5.349850177764893,0.8569443187398335
LS-00360,2026-W30,5.349850177764893,0.865062443570701
LS-00361,2026-W30,5.349850177764893,0.8704200721804497
LS-00362,2026-W30,5.349850177764893,0.8409549927657612
LS-00363,2026-W30,5.349850177764893,0.8611641644273744
LS-00364,2026-W30,5.349850177764893,0.7787641709426897
LS-00365,2026-W30,5.349850177764893,0.8301736299573148
LS-00366,2026-W30,5.349850177764893,0.804499325764511
LS-00367,2026-W30,5.349850177764893,0.8648040951021538
LS-00368,2026-W30,5.349850177764893,0.8778893745803268
LS-00369,2026-W30,5.349850177764893,0.8594420949550864
LS-00370,2026-W30,5.349850177764893,0.8631026630713514
LS-00371,2026-W30,5.349850177764893,0.862351215115126
LS-00372,2026-W30,5.349850177764893,0.8630526078958353
LS-00373,2026-W30,5.349850177764893,0.8585169550338945
LS-00374,2026-W30,5.349850177764893,0.8754282949194249
LS-00375,2026-W30,5.349850177764893,0.861721038649765
LS-00376,2026-W30,5.349850177764893,0.8647746179934646
LS-00377,2026-W30,5.349850177764893,0.8718197130028121
LS-00378,2026-W30,5.349850177764893,0.8649980799743152
LS-00379,2026-W30,5.349850177764893,0.8652277788321393
LS-00380,2026-W30,5.349850177764893,0.8734199921456368
LS-00381,2026-W30,5.349850177764893,0.8444238867966962
LS-00382,2026-W30,5.349850177764893,0.8614890392406325
LS-00383,2026-W30,5.349850177764893,0.8309371548463577
LS-00384,2026-W30,5.349850177764893,0.8579956943040619
LS-00385,2026-W30,5.349850177764893,0.8780160925308789
LS-00386,2026-W30,5.349850177764893,0.8636602014923349
LS-00387,2026-W30,5.349850177764893,0.8754025487562307
LS-00388,2026-W30,5.349850177764893,0.8542843346646852
LS-00389,2026-W30,5.349850177764893,0.8606312360439597
LS-00390,2026-W30,5.349850177764893,0.8772654972716154
LS-00391,2026-W30,5.349850177764893,0.8513704221267197
LS-00392,2026-W30,5.349850177764893,0.8574823369002923
LS-00393,2026-W30,5.349850177764893,0.8753114008075681
LS-00394,2026-W30,5.349850177764893,0.8690342358135975
LS-00395,2026-W30,5.349850177764893,0.8466846244071088
LS-00396,2026-W30,5.349850177764893,0.8712364685649077
LS-00397,2026-W30,5.349850177764893,0.8794795301134338
LS-00398,2026-W30,5.349850177764893,0.8761741170430923
LS-00399,2026-W30,5.349850177764893,0.8803847583544856
LS-00400,2026-W30,5.349850177764893,0.8804140990125477
LS-00401,2026-W30,5.349850177764893,0.877726075832186
LS-00402,2026-W30,5.349850177764893,0.8133853705521025
LS-00403,2026-W30,5.349850177764893,0.8830190241430256
LS-00404,2026-W30,5.349850177764893,0.8562407604685833
LS-00405,2026-W30,5.349850177764893,0.8171809911157747
LS-00406,2026-W30,5.349850177764893,0.8694225990334249
LS-00407,2026-W30,5.349850177764893,0.8328920646038916
LS-00408,2026-W30,4.636874675750732,0.8752041612069678
LS-00409,2026-W30,4.636874675750732,0.8741657919041929
LS-00410,2026-W30,4.636874675750732,0.8798528928213002
LS-00411,2026-W30,4.636874675750732,0.8828783294359295
LS-00412,2026-W30,4.636874675750732,0.8134201767347911
LS-00413,2026-W30,4.636874675750732,0.7680901482643082
LS-00414,2026-W30,4.636874675750732,0.6662200068424332
LS-00415,2026-W30,4.636874675750732,0.871635934814051
LS-00416,2026-W30,4.636874675750732,0.8761212175806261
LS-00417,2026-W30,4.636874675750732,0.873669422710482
LS-00418,2026-W30,4.636874675750732,0.8651651607191165
LS-00419,2026-W30,4.636874675750732,0.8588633212302156
LS-00420,2026-W30,4.636874675750732,0.8394232790962658
LS-00421,2026-W30,4.636874675750732,0.8276746613304387
LS-00422,2026-W30,4.636874675750732,0.832443749029191
LS-00423,2026-W30,4.636874675750732,0.8464913497019072
LS-00424,2026-W30,4.636874675750732,0.836502969924848
LS-00425,2026-W30,,0.7585059687400257
LS-00426,2026-W30,4.636874675750732,0.6527257048740672
LS-00427,2026-W30,4.636874675750732,0.7326016613538439
LS-00428,2026-W30,4.636874675750732,0.8495077306206544
LS-00429,2026-W30,4.636874675750732,0.8116752722499962
LS-00430,2026-W30,4.636874675750732,0.8431232007155849
LS-00431,2026-W30,4.636874675750732,0.8562781852366312
LS-00432,2026-W30,4.636874675750732,0.7710687598030609
LS-00433,2026-W30,4.636874675750732,0.7581425975884367
LS-00434,2026-W30,4.636874675750732,0.6176814019044005
LS-00435,2026-W30,4.636874675750732,0.708200773439169
LS-00436,2026-W30,4.636874675750732,0.6530179412039295
LS-00437,2026-W30,4.636874675750732,0.5189311079225362
LS-00438,2026-W30,4.636874675750732,0.8263851754690454
LS-00439,2026-W30,4.636874675750732,0.3797029382700953
LS-00440,2026-W30,4.636874675750732,0.7386699908050419
LS-00441,2026-W30,4.636874675750732,0.7908068441172326
LS-00442,2026-W30,4.636874675750732,0.7294859760453313
LS-00443,2026-W30,4.636874675750732,0.683464487759832
LS-00444,2026-W30,4.636874675750732,0.7991238673031299
LS-00445,2026-W30,4.636874675750732,0.7775035130450365
LS-00446,2026-W30,4.636874675750732,0.6702628247568593
LS-00447,2026-W30,4.636874675750732,0.5792503121675555
LS-00448,2026-W30,4.636874675750732,0.6548086693022857
LS-00449,2026-W30,4.636874675750732,0.7375877683545436
LS-00450,2026-W30,4.636874675750732,0.5065157290215206
LS-00451,2026-W30,4.636874675750732,0.7734116084392204
LS-00452,2026-W30,4.636874675750732,0.7663148323426572
LS-00453,2026-W30,4.636874675750732,0.7212331451090704
LS-00454,2026-W30,4.636874675750732,0.7405443541363479
LS-00455,2026-W30,4.636874675750732,0.7586170096822161
LS-00456,2026-W30,4.636874675750732,0.5791283332394935
LS-00457,2026-W30,4.636874675750732,0.6592668183214229
LS-00458,2026-W30,4.636874675750732,0.6148636748697393
LS-00459,2026-W30,4.636874675750732,0.46976854618799996
LS-00460,2026-W30,4.636874675750732,0.5719391535434823
LS-00461,2026-W30,4.636874675750732,0.7399240294534716
LS-00462,2026-W30,4.636874675750732,0.6983678098737791
LS-00463,2026-W30,4.636874675750732,0.8089584600752977
LS-00464,2026-W30,4.636874675750732,0.5717832360312453
LS-00465,2026-W30,4.636874675750732,0.778764827294097
LS-00466,2026-W30,4.636874675750732,0.731949320526242
LS-00467,2026-W30,4.636874675750732,0.8379822351383213
LS-00468,2026-W30,4.636874675750732,0.7184939068963887
LS-00469,2026-W30,4.636874675750732,0.47930589280511754
LS-00470,2026-W30,4.636874675750732,0.5171292167757457
LS-00471,2026-W30,4.636874675750732,0.7007760983794279
LS-00472,2026-W30,4.636874675750732,0.6773519633721166
LS-00473,2026-W30,4.636874675750732,0.769824080337655
LS-00474,2026-W30,4.636874675750732,0.7656914569621863
LS-00475,2026-W30,4.636874675750732,0.7581926404519914
LS-00476,2026-W30,4.636874675750732,0.7086647016358687
LS-00477,2026-W30,4.636874675750732,0.7650213086054439
LS-00478,2026-W30,4.636874675750732,0.8240190534775883
LS-00479,2026-W30,4.636874675750732,0.4334676730182197
LS-00480,2026-W30,4.636874675750732,0.7926350823174116
LS-00481,2026-W30,4.636874675750732,0.8244115068522944
LS-00482,2026-W30,4.636874675750732,0.6629824711224005
LS-00483,2026-W30,4.636874675750732,0.8503790244087469
LS-00484,2026-W30,4.636874675750732,0.8223404951085177
LS-00485,2026-W30,4.636874675750732,0.8685063839005756
LS-00486,2026-W30,4.636874675750732,0.7767717272017728
LS-00487,2026-W30,4.636874675750732,0.8035361391670073
LS-00488,2026-W30,4.636874675750732,0.7703181587044713
LS-00489,2026-W30,4.636874675750732,0.8314094564427434
LS-00490,2026-W30,4.636874675750732,0.8177313060376732
LS-00491,2026-W30,4.636874675750732,0.845986033899156
LS-00492,2026-W30,4.636874675750732,0.7337630078337142
LS-00493,2026-W30,4.636874675750732,0.7462707292321166
LS-00494,2026-W30,4.636874675750732,0.8140544303253611
LS-00495,2026-W30,4.636874675750732,0.6174996472366553
LS-00496,2026-W30,4.636874675750732,0.8391656909570832
LS-00497,2026-W30,4.636874675750732,0.6844949041986722
LS-00498,2026-W30,4.636874675750732,0.5861230994253315
LS-00499,2026-W30,4.636874675750732,0.5477600626276572
LS-00500,2026-W30,4.636874675750732,0.6051739882126359
