grid_id,iso_week,score_255,risk_category,factor_breakdown
LS-00001,2026-W31,0.0,masked,"{'slope_score': 3.0, 'rainfall_score': 1.0, 'ndvi_score': None, 'drainage_score': 1.0, 'landuse_score': 1.0, 'soil_score': 4.0, 'aspect_score': 3.0}"
LS-00002,2026-W31,0.0,masked,"{'slope_score': 3.0, 'rainfall_score': 1.0, 'ndvi_score': None, 'drainage_score': 1.0, 'landuse_score': 1.0, 'soil_score': 4.0, 'aspect_score': 3.0}"
LS-00003,2026-W31,0.0,masked,"{'slope_score': 4.0, 'rainfall_score': 1.0, 'ndvi_score': None, 'drainage_score': 1.0, 'landuse_score': 1.0, 'soil_score': 4.0, 'aspect_score': 4.0}"
LS-00004,2026-W31,0.0,masked,"{'slope_score': 3.0, 'rainfall_score': 1.0, 'ndvi_score': None, 'drainage_score': 1.0, 'landuse_score': 1.0, 'soil_score': 4.0, 'aspect_score': 4.0}"
LS-00005,2026-W31,0.0,masked,"{'slope_score': 4.0, 'rainfall_score': 1.0, 'ndvi_score': None, 'drainage_score': 1.0, 'landuse_score': 1.0, 'soil_score': 4.0, 'aspect_score': 4.0}"
LS-00006,2026-W31,0.0,masked,"{'slope_score': 3.0, 'rainfall_score': 1.0, 'ndvi_score': None, 'drainage_score': 1.0, 'landuse_score': 1.0, 'soil_score': 4.0, 'aspect_score': 4.0}"
LS-00007,2026-W31,0.0,masked,"{'slope_score': 3.0, 'rainfall_score': 1.0, 'ndvi_score': None, 'drainage_score': 1.0, 'landuse_score': 1.0, 'soil_score': 4.0, 'aspect_score': 4.0}"
LS-00008,2026-W31,0.0,masked,"{'slope_score': 3.0, 'rainfall_score': 1.0, 'ndvi_score': None, 'drainage_score': 1.0, 'landuse_score': 1.0, 'soil_score': 4.0, 'aspect_score': 4.0}"
LS-00009,2026-W31,0.0,masked,"{'slope_score': 4.0, 'rainfall_score': 1.0, 'ndvi_score': None, 'drainage_score': 1.0, 'landuse_score': 1.0, 'soil_score': 4.0, 'aspect_score': 2.0}"
LS-00010,2026-W31,0.0,masked,"{'slope_score': 3.0, 'rainfall_score': 1.0, 'ndvi_score': None, 'drainage_score': 1.0, 'landuse_score': 1.0, 'soil_score': 4.0, 'aspect_score': 2.0}"
LS-00011,2026-W31,0.0,masked,"{'slope_score': 3.0, 'rainfall_score': 1.0, 'ndvi_score': None, 'drainage_score': 1.0, 'landuse_score': 1.0, 'soil_score': 4.0, 'aspect_score': 2.0}"
LS-00012,2026-W31,0.0,masked,"{'slope_score': 3.0, 'rainfall_score': 1.0, 'ndvi_score': None, 'drainage_score': 1.0, 'landuse_score': 1.0, 'soil_score': 4.0, 'aspect_score': 2.0}"
LS-00013,2026-W31,0.0,masked,"{'slope_score': 3.0, 'rainfall_score': 1.0, 'ndvi_score': None, 'drainage_score': 1.0, 'landuse_score': 1.0, 'soil_score': 4.0, 'aspect_score': 2.0}"
LS-00014,2026-W31,0.0,masked,"{'slope_score': 3.0, 'rainfall_score': 1.0, 'ndvi_score': None, 'drainage_score': 1.0, 'landuse_score': 1.0, 'soil_score': 4.0, 'aspect_score': 2.0}"
LS-00015,2026-W31,0.0,masked,"{'slope_score': 3.0, 'rainfall_score': 1.0, 'ndvi_score': None, 'drainage_score': 1.0, 'landuse_score': 1.0, 'soil_score': 4.0, 'aspect_score': 2.0}"
LS-00016,2026-W31,0.0,masked,"{'slope_score': 4.0, 'rainfall_score': 1.0, 'ndvi_score': None, 'drainage_score': 1.0, 'landuse_score': 1.0, 'soil_score': 4.0, 'aspect_score': 4.0}"
LS-00017,2026-W31,0.0,masked,"{'slope_score': 4.0, 'rainfall_score': 1.0, 'ndvi_score': None, 'drainage_score': 1.0, 'landuse_score': 1.0, 'soil_score': 4.0, 'aspect_score': 4.0}"
LS-00018,2026-W31,0.0,masked,"{'slope_score': 3.0, 'rainfall_score': 1.0, 'ndvi_score': None, 'drainage_score': 1.0, 'landuse_score': 1.0, 'soil_score': 4.0, 'aspect_score': 2.0}"
LS-00019,2026-W31,0.0,masked,"{'slope_score': 5.0, 'rainfall_score': 1.0, 'ndvi_score': None, 'drainage_score': 1.0, 'landuse_score': 1.0, 'soil_score': 4.0, 'aspect_score': 4.0}"
LS-00020,2026-W31,0.0,masked,"{'slope_score': 3.0, 'rainfall_score': 1.0, 'ndvi_score': None, 'drainage_score': 1.0, 'landuse_score': 1.0, 'soil_score': 4.0, 'aspect_score': 3.0}"
LS-00021,2026-W31,0.0,masked,"{'slope_score': 4.0, 'rainfall_score': 1.0, 'ndvi_score': None, 'drainage_score': 1.0, 'landuse_score': 1.0, 'soil_score': 4.0, 'aspect_score': 4.0}"
LS-00022,2026-W31,0.0,masked,"{'slope_score': 3.0, 'rainfall_score': 1.0, 'ndvi_score': None, 'drainage_score': 1.0, 'landuse_score': 1.0, 'soil_score': 4.0, 'aspect_score': 2.0}"
LS-00023,2026-W31,0.0,masked,"{'slope_score': 3.0, 'rainfall_score': 1.0, 'ndvi_score': None, 'drainage_score': 1.0, 'landuse_score': 1.0, 'soil_score': 4.0, 'aspect_score': 2.0}"
LS-00024,2026-W31,0.0,masked,"{'slope_score': 3.0, 'rainfall_score': 1.0, 'ndvi_score': None, 'drainage_score': 1.0, 'landuse_score': 1.0, 'soil_score': 4.0, 'aspect_score': 3.0}"
LS-00025,2026-W31,0.0,masked,"{'slope_score': 3.0, 'rainfall_score': 1.0, 'ndvi_score': None, 'drainage_score': 1.0, 'landuse_score': 1.0, 'soil_score': 4.0, 'aspect_score': 4.0}"
LS-00026,2026-W31,0.0,masked,"{'slope_score': 3.0, 'rainfall_score': 1.0, 'ndvi_score': None, 'drainage_score': 1.0, 'landuse_score': 1.0, 'soil_score': 4.0, 'aspect_score': 4.0}"
LS-00027,2026-W31,0.0,masked,"{'slope_score': 3.0, 'rainfall_score': 1.0, 'ndvi_score': None, 'drainage_score': 1.0, 'landuse_score': 1.0, 'soil_score': 4.0, 'aspect_score': 4.0}"
LS-00028,2026-W31,0.0,masked,"{'slope_score': 3.0, 'rainfall_score': 1.0, 'ndvi_score': None, 'drainage_score': 1.0, 'landuse_score': 1.0, 'soil_score': 4.0, 'aspect_score': 2.0}"
LS-00029,2026-W31,0.0,masked,"{'slope_score': 3.0, 'rainfall_score': 1.0, 'ndvi_score': None, 'drainage_score': 1.0, 'landuse_score': 1.0, 'soil_score': 4.0, 'aspect_score': 3.0}"
LS-00030,2026-W31,0.0,masked,"{'slope_score': 3.0, 'rainfall_score': 1.0, 'ndvi_score': None, 'drainage_score': 1.0, 'landuse_score': 1.0, 'soil_score': 4.0, 'aspect_score': 2.0}"
LS-00031,2026-W31,0.0,masked,"{'slope_score': 3.0, 'rainfall_score': 1.0, 'ndvi_score': None, 'drainage_score': 1.0, 'landuse_score': 1.0, 'soil_score': 4.0, 'aspect_score': 2.0}"
LS-00032,2026-W31,0.0,masked,"{'slope_score': 3.0, 'rainfall_score': 1.0, 'ndvi_score': None, 'drainage_score': 1.0, 'landuse_score': 1.0, 'soil_score': 4.0, 'aspect_score': 2.0}"
LS-00033,2026-W31,0.0,masked,"{'slope_score': 3.0, 'rainfall_score': 1.0, 'ndvi_score': None, 'drainage_score': 1.0, 'landuse_score': 1.0, 'soil_score': 4.0, 'aspect_score': 4.0}"
LS-00034,2026-W31,0.0,masked,"{'slope_score': 3.0, 'rainfall_score': 1.0, 'ndvi_score': None, 'drainage_score': 1.0, 'landuse_score': 1.0, 'soil_score': 4.0, 'aspect_score': 3.0}"
LS-00035,2026-W31,0.0,masked,"{'slope_score': 3.0, 'rainfall_score': 1.0, 'ndvi_score': None, 'drainage_score': 1.0, 'landuse_score': 1.0, 'soil_score': 4.0, 'aspect_score': 4.0}"
LS-00036,2026-W31,0.0,masked,"{'slope_score': 3.0, 'rainfall_score': 1.0, 'ndvi_score': None, 'drainage_score': 1.0, 'landuse_score': 1.0, 'soil_score': 4.0, 'aspect_score': 2.0}"
LS-00037,2026-W31,0.0,masked,"{'slope_score': 4.0, 'rainfall_score': 1.0, 'ndvi_score': None, 'drainage_score': 1.0, 'landuse_score': 1.0, 'soil_score': 4.0, 'aspect_score': 2.0}"
LS-00038,2026-W31,0.0,masked,"{'slope_score': 3.0, 'rainfall_score': 1.0, 'ndvi_score': None, 'drainage_score': 1.0, 'landuse_score': 1.0, 'soil_score': 4.0, 'aspect_score': 2.0}"
LS-00039,2026-W31,0.0,masked,"{'slope_score': 3.0, 'rainfall_score': 1.0, 'ndvi_score': None, 'drainage_score': 1.0, 'landuse_score': 1.0, 'soil_score': 4.0, 'aspect_score': 2.0}"
LS-00040,2026-W31,0.0,masked,"{'slope_score': 3.0, 'rainfall_score': 1.0, 'ndvi_score': None, 'drainage_score': 1.0, 'landuse_score': 1.0, 'soil_score': 4.0, 'aspect_score': 2.0}"
LS-00041,2026-W31,0.0,masked,"{'slope_score': 3.0, 'rainfall_score': 1.0, 'ndvi_score': None, 'drainage_score': 1.0, 'landuse_score': 1.0, 'soil_score': 4.0, 'aspect_score': 2.0}"
LS-00042,2026-W31,0.0,masked,"{'slope_score': 3.0, 'rainfall_score': 1.0, 'ndvi_score': None, 'drainage_score': 1.0, 'landuse_score': 1.0, 'soil_score': 4.0, 'aspect_score': 4.0}"
LS-00043,2026-W31,0.0,masked,"{'slope_score': 3.0, 'rainfall_score': 1.0, 'ndvi_score': None, 'drainage_score': 1.0, 'landuse_score': 1.0, 'soil_score': 4.0, 'aspect_score': 2.0}"
LS-00044,2026-W31,0.0,masked,"{'slope_score': 3.0, 'rainfall_score': 1.0, 'ndvi_score': None, 'drainage_score': 1.0, 'landuse_score': 1.0, 'soil_score': 4.0, 'aspect_score': 2.0}"
LS-00045,2026-W31,0.0,masked,"{'slope_score': 4.0, 'rainfall_score': 1.0, 'ndvi_score': None, 'drainage_score': 1.0, 'landuse_score': 1.0, 'soil_score': 4.0, 'aspect_score': 3.0}"
LS-00046,2026-W31,0.0,masked,"{'slope_score': 4.0, 'rainfall_score': 1.0, 'ndvi_score': None, 'drainage_score': 1.0, 'landuse_score': 1.0, 'soil_score': 4.0, 'aspect_score': 3.0}"
LS-00047,2026-W31,0.0,masked,"{'slope_score': 4.0, 'rainfall_score': 1.0, 'ndvi_score': None, 'drainage_score': 1.0, 'landuse_score': 1.0, 'soil_score': 4.0, 'aspect_score': 4.0}"
LS-00048,2026-W31,0.0,masked,"{'slope_score': 3.0, 'rainfall_score': 1.0, 'ndvi_score': None, 'drainage_score': 1.0, 'landuse_score': 1.0, 'soil_score': 4.0, 'aspect_score': 4.0}"
LS-00049,2026-W31,0.0,masked,"{'slope_score': 3.0, 'rainfall_score': 1.0, 'ndvi_score': None, 'drainage_score': 1.0, 'landuse_score': 1.0, 'soil_score': 4.0, 'aspect_score': 2.0}"
LS-00050,2026-W31,0.0,masked,"{'slope_score': 3.0, 'rainfall_score': 1.0, 'ndvi_score': None, 'drainage_score': 1.0, 'landuse_score': 1.0, 'soil_score': 4.0, 'aspect_score': 2.0}"
LS-00051,2026-W31,0.0,masked,"{'slope_score': 3.0, 'rainfall_score': 1.0, 'ndvi_score': None, 'drainage_score': 1.0, 'landuse_score': 1.0, 'soil_score': 4.0, 'aspect_score': 2.0}"
LS-00052,2026-W31,0.0,masked,"{'slope_score': 3.0, 'rainfall_score': 1.0, 'ndvi_score': None, 'drainage_score': 1.0, 'landuse_score': 1.0, 'soil_score': 4.0, 'aspect_score': 4.0}"
LS-00053,2026-W31,0.0,masked,"{'slope_score': 3.0, 'rainfall_score': 1.0, 'ndvi_score': None, 'drainage_score': 1.0, 'landuse_score': 1.0, 'soil_score': 4.0, 'aspect_score': 4.0}"
LS-00054,2026-W31,0.0,masked,"{'slope_score': 3.0, 'rainfall_score': 1.0, 'ndvi_score': None, 'drainage_score': 1.0, 'landuse_score': 1.0, 'soil_score': 4.0, 'aspect_score': 4.0}"
LS-00055,2026-W31,0.0,masked,"{'slope_score': 4.0, 'rainfall_score': 1.0, 'ndvi_score': None, 'drainage_score': 1.0, 'landuse_score': 1.0, 'soil_score': 4.0, 'aspect_score': 4.0}"
LS-00056,2026-W31,0.0,masked,"{'slope_score': 4.0, 'rainfall_score': 1.0, 'ndvi_score': None, 'drainage_score': 1.0, 'landuse_score': 1.0, 'soil_score': 4.0, 'aspect_score': 4.0}"
LS-00057,2026-W31,0.0,masked,"{'slope_score': 4.0, 'rainfall_score': 1.0, 'ndvi_score': None, 'drainage_score': 1.0, 'landuse_score': 1.0, 'soil_score': 4.0, 'aspect_score': 4.0}"
LS-00058,2026-W31,0.0,masked,"{'slope_score': 4.0, 'rainfall_score': 1.0, 'ndvi_score': None, 'drainage_score': 1.0, 'landuse_score': 1.0, 'soil_score': 4.0, 'aspect_score': 4.0}"
LS-00059,2026-W31,0.0,masked,"{'slope_score': 3.0, 'rainfall_score': 1.0, 'ndvi_score': None, 'drainage_score': 1.0, 'landuse_score': 1.0, 'soil_score': 4.0, 'aspect_score': 3.0}"
LS-00060,2026-W31,0.0,masked,"{'slope_score': 3.0, 'rainfall_score': 1.0, 'ndvi_score': None, 'drainage_score': 1.0, 'landuse_score': 1.0, 'soil_score': 4.0, 'aspect_score': 4.0}"
LS-00061,2026-W31,0.0,masked,"{'slope_score': 4.0, 'rainfall_score': 1.0, 'ndvi_score': None, 'drainage_score': 1.0, 'landuse_score': 1.0, 'soil_score': 4.0, 'aspect_score': 4.0}"
LS-00062,2026-W31,0.0,masked,"{'slope_score': 4.0, 'rainfall_score': 1.0, 'ndvi_score': None, 'drainage_score': 1.0, 'landuse_score': 1.0, 'soil_score': 4.0, 'aspect_score': 4.0}"
LS-00063,2026-W31,0.0,masked,"{'slope_score': 4.0, 'rainfall_score': 1.0, 'ndvi_score': None, 'drainage_score': 1.0, 'landuse_score': 1.0, 'soil_score': 4.0, 'aspect_score': 4.0}"
LS-00064,2026-W31,0.0,masked,"{'slope_score': 3.0, 'rainfall_score': 1.0, 'ndvi_score': None, 'drainage_score': 1.0, 'landuse_score': 1.0, 'soil_score': 4.0, 'aspect_score': 4.0}"
LS-00065,2026-W31,0.0,masked,"{'slope_score': 3.0, 'rainfall_score': 1.0, 'ndvi_score': None, 'drainage_score': 1.0, 'landuse_score': 1.0, 'soil_score': 4.0, 'aspect_score': 4.0}"
LS-00066,2026-W31,0.0,masked,"{'slope_score': 4.0, 'rainfall_score': 1.0, 'ndvi_score': None, 'drainage_score': 1.0, 'landuse_score': 1.0, 'soil_score': 4.0, 'aspect_score': 4.0}"
LS-00067,2026-W31,0.0,masked,"{'slope_score': 3.0, 'rainfall_score': 1.0, 'ndvi_score': None, 'drainage_score': 1.0, 'landuse_score': 1.0, 'soil_score': 4.0, 'aspect_score': 2.0}"
LS-00068,2026-W31,0.0,masked,"{'slope_score': 3.0, 'rainfall_score': 1.0, 'ndvi_score': None, 'drainage_score': 1.0, 'landuse_score': 1.0, 'soil_score': 4.0, 'aspect_score': 2.0}"
LS-00069,2026-W31,0.0,masked,"{'slope_score': 3.0, 'rainfall_score': 1.0, 'ndvi_score': None, 'drainage_score': 1.0, 'landuse_score': 1.0, 'soil_score': 4.0, 'aspect_score': 3.0}"
LS-00070,2026-W31,0.0,masked,"{'slope_score': 3.0, 'rainfall_score': 1.0, 'ndvi_score': None, 'drainage_score': 1.0, 'landuse_score': 1.0, 'soil_score': 4.0, 'aspect_score': 4.0}"
LS-00071,2026-W31,0.0,masked,"{'slope_score': 3.0, 'rainfall_score': 1.0, 'ndvi_score': None, 'drainage_score': 1.0, 'landuse_score': 1.0, 'soil_score': 4.0, 'aspect_score': 4.0}"
LS-00072,2026-W31,0.0,masked,"{'slope_score': 3.0, 'rainfall_score': 1.0, 'ndvi_score': None, 'drainage_score': 1.0, 'landuse_score': 1.0, 'soil_score': 4.0, 'aspect_score': 4.0}"
LS-00073,2026-W31,0.0,masked,"{'slope_score': 2.0, 'rainfall_score': 1.0, 'ndvi_score': None, 'drainage_score': 1.0, 'landuse_score': 1.0, 'soil_score': 4.0, 'aspect_score': 4.0}"
LS-00074,2026-W31,0.0,masked,"{'slope_score': 3.0, 'rainfall_score': 1.0, 'ndvi_score': None, 'drainage_score': 1.0, 'landuse_score': 1.0, 'soil_score': 4.0, 'aspect_score': 4.0}"
LS-00075,2026-W31,0.0,masked,"{'slope_score': 3.0, 'rainfall_score': 1.0, 'ndvi_score': None, 'drainage_score': 1.0, 'landuse_score': 1.0, 'soil_score': 4.0, 'aspect_score': 4.0}"
LS-00076,2026-W31,0.0,masked,"{'slope_score': 3.0, 'rainfall_score': 1.0, 'ndvi_score': None, 'drainage_score': 1.0, 'landuse_score': 1.0, 'soil_score': 4.0, 'aspect_score': 4.0}"
LS-00077,2026-W31,0.0,masked,"{'slope_score': 4.0, 'rainfall_score': 1.0, 'ndvi_score': None, 'drainage_score': 1.0, 'landuse_score': 1.0, 'soil_score': 4.0, 'aspect_score': 4.0}"
LS-00078,2026-W31,0.0,masked,"{'slope_score': 3.0, 'rainfall_score': 1.0, 'ndvi_score': None, 'drainage_score': 1.0, 'landuse_score': 1.0, 'soil_score': 4.0, 'aspect_score': 4.0}"
LS-00079,2026-W31,0.0,masked,"{'slope_score': 3.0, 'rainfall_score': 1.0, 'ndvi_score': None, 'drainage_score': 1.0, 'landuse_score': 1.0, 'soil_score': 4.0, 'aspect_score': 4.0}"
LS-00080,2026-W31,0.0,masked,"{'slope_score': 3.0, 'rainfall_score': 1.0, 'ndvi_score': None, 'drainage_score': 1.0, 'landuse_score': 1.0, 'soil_score': 4.0, 'aspect_score': 4.0}"
LS-00081,2026-W31,0.0,masked,"{'slope_score': 3.0, 'rainfall_score': 1.0, 'ndvi_score': None, 'drainage_score': 1.0, 'landuse_score': 1.0, 'soil_score': 4.0, 'aspect_score': 4.0}"
LS-00082,2026-W31,0.0,masked,"{'slope_score': 3.0, 'rainfall_score': 1.0, 'ndvi_score': None, 'drainage_score': 1.0, 'landuse_score': 1.0, 'soil_score': 4.0, 'aspect_score': 4.0}"
LS-00083,2026-W31,0.0,masked,"{'slope_score': 3.0, 'rainfall_score': 1.0, 'ndvi_score': None, 'drainage_score': 1.0, 'landuse_score': 1.0, 'soil_score': 4.0, 'aspect_score': 4.0}"
LS-00084,2026-W31,0.0,masked,"{'slope_score': 3.0, 'rainfall_score': 1.0, 'ndvi_score': None, 'drainage_score': 1.0, 'landuse_score': 1.0, 'soil_score': 4.0, 'aspect_score': 4.0}"
LS-00085,2026-W31,0.0,masked,"{'slope_score': 3.0, 'rainfall_score': 1.0, 'ndvi_score': None, 'drainage_score': 1.0, 'landuse_score': 1.0, 'soil_score': 4.0, 'aspect_score': 4.0}"
LS-00086,2026-W31,0.0,masked,"{'slope_score': 3.0, 'rainfall_score': 1.0, 'ndvi_score': None, 'drainage_score': 1.0, 'landuse_score': 1.0, 'soil_score': 4.0, 'aspect_score': 4.0}"
LS-00087,2026-W31,0.0,masked,"{'slope_score': 3.0, 'rainfall_score': 1.0, 'ndvi_score': None, 'drainage_score': 1.0, 'landuse_score': 1.0, 'soil_score': 4.0, 'aspect_score': 4.0}"
LS-00088,2026-W31,0.0,masked,"{'slope_score': 3.0, 'rainfall_score': 1.0, 'ndvi_score': None, 'drainage_score': 1.0, 'landuse_score': 1.0, 'soil_score': 4.0, 'aspect_score': 4.0}"
LS-00089,2026-W31,0.0,masked,"{'slope_score': 3.0, 'rainfall_score': 1.0, 'ndvi_score': None, 'drainage_score': 1.0, 'landuse_score': 1.0, 'soil_score': 4.0, 'aspect_score': 2.0}"
LS-00090,2026-W31,0.0,masked,"{'slope_score': 3.0, 'rainfall_score': 1.0, 'ndvi_score': None, 'drainage_score': 1.0, 'landuse_score': 1.0, 'soil_score': 4.0, 'aspect_score': 2.0}"
LS-00091,2026-W31,0.0,masked,"{'slope_score': 3.0, 'rainfall_score': 1.0, 'ndvi_score': None, 'drainage_score': 1.0, 'landuse_score': 1.0, 'soil_score': 4.0, 'aspect_score': 2.0}"
LS-00092,2026-W31,0.0,masked,"{'slope_score': 3.0, 'rainfall_score': 1.0, 'ndvi_score': None, 'drainage_score': 1.0, 'landuse_score': 1.0, 'soil_score': 4.0, 'aspect_score': 2.0}"
LS-00093,2026-W31,0.0,masked,"{'slope_score': 3.0, 'rainfall_score': 1.0, 'ndvi_score': None, 'drainage_score': 1.0, 'landuse_score': 1.0, 'soil_score': 4.0, 'aspect_score': 2.0}"
LS-00094,2026-W31,0.0,masked,"{'slope_score': 3.0, 'rainfall_score': 1.0, 'ndvi_score': None, 'drainage_score': 1.0, 'landuse_score': 1.0, 'soil_score': 4.0, 'aspect_score': 2.0}"
LS-00095,2026-W31,0.0,masked,"{'slope_score': 3.0, 'rainfall_score': 1.0, 'ndvi_score': None, 'drainage_score': 1.0, 'landuse_score': 1.0, 'soil_score': 4.0, 'aspect_score': 2.0}"
LS-00096,2026-W31,0.0,masked,"{'slope_score': 3.0, 'rainfall_score': 1.0, 'ndvi_score': None, 'drainage_score': 1.0, 'landuse_score': 1.0, 'soil_score': 4.0, 'aspect_score': 4.0}"
LS-00097,2026-W31,0.0,masked,"{'slope_score': 3.0, 'rainfall_score': 1.0, 'ndvi_score': None, 'drainage_score': 1.0, 'landuse_score': 1.0, 'soil_score': 4.0, 'aspect_score': 4.0}"
LS-00098,2026-W31,0.0,masked,"{'slope_score': 3.0, 'rainfall_score': 1.0, 'ndvi_score': None, 'drainage_score': 1.0, 'landuse_score': 1.0, 'soil_score': 4.0, 'aspect_score': 3.0}"
LS-00099,2026-W31,0.0,masked,"{'slope_score': 3.0, 'rainfall_score': 1.0, 'ndvi_score': None, 'drainage_score': 1.0, 'landuse_score': 1.0, 'soil_score': 4.0, 'aspect_score': 3.0}"
LS-00100,2026-W31,0.0,masked,"{'slope_score': 3.0, 'rainfall_score': 1.0, 'ndvi_score': None, 'drainage_score': 1.0, 'landuse_score': 1.0, 'soil_score': 4.0, 'aspect_score': 4.0}"
LS-00101,2026-W31,0.0,masked,"{'slope_score': 3.0, 'rainfall_score': 1.0, 'ndvi_score': None, 'drainage_score': 1.0, 'landuse_score': 1.0, 'soil_score': 4.0, 'aspect_score': 2.0}"
LS-00102,2026-W31,0.0,masked,"{'slope_score': 3.0, 'rainfall_score': 1.0, 'ndvi_score': None, 'drainage_score': 1.0, 'landuse_score': 1.0, 'soil_score': 4.0, 'aspect_score': 2.0}"
LS-00103,2026-W31,0.0,masked,"{'slope_score': 3.0, 'rainfall_score': 1.0, 'ndvi_score': None, 'drainage_score': 1.0, 'landuse_score': 1.0, 'soil_score': 4.0, 'aspect_score': 2.0}"
LS-00104,2026-W31,0.0,masked,"{'slope_score': 3.0, 'rainfall_score': 1.0, 'ndvi_score': None, 'drainage_score': 1.0, 'landuse_score': 1.0, 'soil_score': 4.0, 'aspect_score': 3.0}"
LS-00105,2026-W31,0.0,masked,"{'slope_score': 3.0, 'rainfall_score': 1.0, 'ndvi_score': None, 'drainage_score': 1.0, 'landuse_score': 1.0, 'soil_score': 4.0, 'aspect_score': 2.0}"
LS-00106,2026-W31,0.0,masked,"{'slope_score': 3.0, 'rainfall_score': 1.0, 'ndvi_score': None, 'drainage_score': 1.0, 'landuse_score': 1.0, 'soil_score': 4.0, 'aspect_score': 2.0}"
LS-00107,2026-W31,0.0,masked,"{'slope_score': 3.0, 'rainfall_score': 1.0, 'ndvi_score': None, 'drainage_score': 1.0, 'landuse_score': 1.0, 'soil_score': 4.0, 'aspect_score': 4.0}"
LS-00108,2026-W31,0.0,masked,"{'slope_score': 3.0, 'rainfall_score': 1.0, 'ndvi_score': None, 'drainage_score': 1.0, 'landuse_score': 1.0, 'soil_score': 4.0, 'aspect_score': 4.0}"
LS-00109,2026-W31,0.0,masked,"{'slope_score': 3.0, 'rainfall_score': 1.0, 'ndvi_score': None, 'drainage_score': 1.0, 'landuse_score': 1.0, 'soil_score': 4.0, 'aspect_score': 4.0}"
LS-00110,2026-W31,0.0,masked,"{'slope_score': 3.0, 'rainfall_score': 1.0, 'ndvi_score': None, 'drainage_score': 1.0, 'landuse_score': 1.0, 'soil_score': 4.0, 'aspect_score': 2.0}"
LS-00111,2026-W31,0.0,masked,"{'slope_score': 3.0, 'rainfall_score': 1.0, 'ndvi_score': None, 'drainage_score': 1.0, 'landuse_score': 1.0, 'soil_score': 4.0, 'aspect_score': 2.0}"
LS-00112,2026-W31,0.0,masked,"{'slope_score': 3.0, 'rainfall_score': 1.0, 'ndvi_score': None, 'drainage_score': 1.0, 'landuse_score': 1.0, 'soil_score': 4.0, 'aspect_score': 2.0}"
LS-00113,2026-W31,0.0,masked,"{'slope_score': 3.0, 'rainfall_score': 1.0, 'ndvi_score': None, 'drainage_score': 1.0, 'landuse_score': 1.0, 'soil_score': 4.0, 'aspect_score': 2.0}"
LS-00114,2026-W31,0.0,masked,"{'slope_score': 3.0, 'rainfall_score': 1.0, 'ndvi_score': None, 'drainage_score': 1.0, 'landuse_score': 1.0, 'soil_score': 4.0, 'aspect_score': 3.0}"
LS-00115,2026-W31,0.0,masked,"{'slope_score': 3.0, 'rainfall_score': 1.0, 'ndvi_score': None, 'drainage_score': 1.0, 'landuse_score': 1.0, 'soil_score': 4.0, 'aspect_score': 2.0}"
LS-00116,2026-W31,0.0,masked,"{'slope_score': 3.0, 'rainfall_score': 1.0, 'ndvi_score': None, 'drainage_score': 1.0, 'landuse_score': 1.0, 'soil_score': 4.0, 'aspect_score': 2.0}"
LS-00117,2026-W31,0.0,masked,"{'slope_score': 3.0, 'rainfall_score': 1.0, 'ndvi_score': None, 'drainage_score': 1.0, 'landuse_score': 1.0, 'soil_score': 4.0, 'aspect_score': 4.0}"
LS-00118,2026-W31,0.0,masked,"{'slope_score': 3.0, 'rainfall_score': 1.0, 'ndvi_score': None, 'drainage_score': 1.0, 'landuse_score': 1.0, 'soil_score': 4.0, 'aspect_score': 2.0}"
LS-00119,2026-W31,0.0,masked,"{'slope_score': 4.0, 'rainfall_score': 1.0, 'ndvi_score': None, 'drainage_score': 1.0, 'landuse_score': 1.0, 'soil_score': 4.0, 'aspect_score': 2.0}"
LS-00120,2026-W31,0.0,masked,"{'slope_score': 3.0, 'rainfall_score': 1.0, 'ndvi_score': None, 'drainage_score': 1.0, 'landuse_score': 1.0, 'soil_score': 4.0, 'aspect_score': 3.0}"
LS-00121,2026-W31,0.0,masked,"{'slope_score': 3.0, 'rainfall_score': 1.0, 'ndvi_score': None, 'drainage_score': 1.0, 'landuse_score': 1.0, 'soil_score': 4.0, 'aspect_score': 2.0}"
LS-00122,2026-W31,0.0,masked,"{'slope_score': 3.0, 'rainfall_score': 1.0, 'ndvi_score': None, 'drainage_score': 1.0, 'landuse_score': 1.0, 'soil_score': 4.0, 'aspect_score': 2.0}"
LS-00123,2026-W31,0.0,masked,"{'slope_score': 3.0, 'rainfall_score': 1.0, 'ndvi_score': None, 'drainage_score': 1.0, 'landuse_score': 1.0, 'soil_score': 4.0, 'aspect_score': 2.0}"
LS-00124,2026-W31,0.0,masked,"{'slope_score': 2.0, 'rainfall_score': 1.0, 'ndvi_score': None, 'drainage_score': 1.0, 'landuse_score': 1.0, 'soil_score': 4.0, 'aspect_score': 2.0}"
LS-00125,2026-W31,0.0,masked,"{'slope_score': 3.0, 'rainfall_score': 1.0, 'ndvi_score': None, 'drainage_score': 1.0, 'landuse_score': 1.0, 'soil_score': 4.0, 'aspect_score': 2.0}"
LS-00126,2026-W31,0.0,masked,"{'slope_score': 3.0, 'rainfall_score': 1.0, 'ndvi_score': None, 'drainage_score': 1.0, 'landuse_score': 1.0, 'soil_score': 4.0, 'aspect_score': 2.0}"
LS-00127,2026-W31,0.0,masked,"{'slope_score': 2.0, 'rainfall_score': 1.0, 'ndvi_score': None, 'drainage_score': 1.0, 'landuse_score': 1.0, 'soil_score': 4.0, 'aspect_score': 4.0}"
LS-00128,2026-W31,0.0,masked,"{'slope_score': 2.0, 'rainfall_score': 1.0, 'ndvi_score': None, 'drainage_score': 1.0, 'landuse_score': 1.0, 'soil_score': 4.0, 'aspect_score': 3.0}"
LS-00129,2026-W31,0.0,masked,"{'slope_score': 3.0, 'rainfall_score': 1.0, 'ndvi_score': None, 'drainage_score': 1.0, 'landuse_score': 1.0, 'soil_score': 4.0, 'aspect_score': 4.0}"
LS-00130,2026-W31,0.0,masked,"{'slope_score': 3.0, 'rainfall_score': 1.0, 'ndvi_score': None, 'drainage_score': 1.0, 'landuse_score': 1.0, 'soil_score': 4.0, 'aspect_score': 4.0}"
LS-00131,2026-W31,0.0,masked,"{'slope_score': 3.0, 'rainfall_score': 1.0, 'ndvi_score': None, 'drainage_score': 1.0, 'landuse_score': 1.0, 'soil_score': 4.0, 'aspect_score': 4.0}"
LS-00132,2026-W31,0.0,masked,"{'slope_score': 3.0, 'rainfall_score': 1.0, 'ndvi_score': None, 'drainage_score': 1.0, 'landuse_score': 1.0, 'soil_score': 4.0, 'aspect_score': 2.0}"
LS-00133,2026-W31,0.0,masked,"{'slope_score': 3.0, 'rainfall_score': 1.0, 'ndvi_score': None, 'drainage_score': 1.0, 'landuse_score': 1.0, 'soil_score': 4.0, 'aspect_score': 2.0}"
LS-00134,2026-W31,0.0,masked,"{'slope_score': 3.0, 'rainfall_score': 1.0, 'ndvi_score': None, 'drainage_score': 1.0, 'landuse_score': 1.0, 'soil_score': 2.0, 'aspect_score': 4.0}"
LS-00135,2026-W31,0.0,masked,"{'slope_score': 3.0, 'rainfall_score': 1.0, 'ndvi_score': None, 'drainage_score': 1.0, 'landuse_score': 1.0, 'soil_score': 4.0, 'aspect_score': 4.0}"
LS-00136,2026-W31,0.0,masked,"{'slope_score': 2.0, 'rainfall_score': 1.0, 'ndvi_score': None, 'drainage_score': 1.0, 'landuse_score': 1.0, 'soil_score': 4.0, 'aspect_score': 4.0}"
LS-00137,2026-W31,0.0,masked,"{'slope_score': 3.0, 'rainfall_score': 1.0, 'ndvi_score': None, 'drainage_score': 1.0, 'landuse_score': 1.0, 'soil_score': 2.0, 'aspect_score': 4.0}"
LS-00138,2026-W31,0.0,masked,"{'slope_score': 3.0, 'rainfall_score': 1.0, 'ndvi_score': None, 'drainage_score': 1.0, 'landuse_score': 1.0, 'soil_score': 4.0, 'aspect_score': 4.0}"
LS-00139,2026-W31,0.0,masked,"{'slope_score': 3.0, 'rainfall_score': 1.0, 'ndvi_score': None, 'drainage_score': 1.0, 'landuse_score': 1.0, 'soil_score': 4.0, 'aspect_score': 2.0}"
LS-00140,2026-W31,0.0,masked,"{'slope_score': 3.0, 'rainfall_score': 1.0, 'ndvi_score': None, 'drainage_score': 1.0, 'landuse_score': 1.0, 'soil_score': 4.0, 'aspect_score': 2.0}"
LS-00141,2026-W31,0.0,masked,"{'slope_score': 2.0, 'rainfall_score': 1.0, 'ndvi_score': None, 'drainage_score': 1.0, 'landuse_score': 1.0, 'soil_score': 4.0, 'aspect_score': 2.0}"
LS-00142,2026-W31,0.0,masked,"{'slope_score': 3.0, 'rainfall_score': 1.0, 'ndvi_score': None, 'drainage_score': 1.0, 'landuse_score': 1.0, 'soil_score': 4.0, 'aspect_score': 2.0}"
LS-00143,2026-W31,0.0,masked,"{'slope_score': 3.0, 'rainfall_score': 1.0, 'ndvi_score': None, 'drainage_score': 1.0, 'landuse_score': 1.0, 'soil_score': 2.0, 'aspect_score': 4.0}"
LS-00144,2026-W31,0.0,masked,"{'slope_score': 3.0, 'rainfall_score': 1.0, 'ndvi_score': None, 'drainage_score': 1.0, 'landuse_score': 1.0, 'soil_score': 4.0, 'aspect_score': 4.0}"
LS-00145,2026-W31,0.0,masked,"{'slope_score': 3.0, 'rainfall_score': 1.0, 'ndvi_score': None, 'drainage_score': 1.0, 'landuse_score': 1.0, 'soil_score': 4.0, 'aspect_score': 4.0}"
LS-00146,2026-W31,0.0,masked,"{'slope_score': 3.0, 'rainfall_score': 1.0, 'ndvi_score': None, 'drainage_score': 1.0, 'landuse_score': 1.0, 'soil_score': 2.0, 'aspect_score': 4.0}"
LS-00147,2026-W31,0.0,masked,"{'slope_score': 3.0, 'rainfall_score': 1.0, 'ndvi_score': None, 'drainage_score': 1.0, 'landuse_score': 1.0, 'soil_score': 4.0, 'aspect_score': 4.0}"
LS-00148,2026-W31,0.0,masked,"{'slope_score': 3.0, 'rainfall_score': 1.0, 'ndvi_score': None, 'drainage_score': 1.0, 'landuse_score': 1.0, 'soil_score': 2.0, 'aspect_score': 4.0}"
LS-00149,2026-W31,0.0,masked,"{'slope_score': 3.0, 'rainfall_score': 1.0, 'ndvi_score': None, 'drainage_score': 1.0, 'landuse_score': 1.0, 'soil_score': 4.0, 'aspect_score': 4.0}"
LS-00150,2026-W31,0.0,masked,"{'slope_score': 2.0, 'rainfall_score': 1.0, 'ndvi_score': None, 'drainage_score': 1.0, 'landuse_score': 1.0, 'soil_score': 4.0, 'aspect_score': 4.0}"
LS-00151,2026-W31,0.0,masked,"{'slope_score': 3.0, 'rainfall_score': 1.0, 'ndvi_score': None, 'drainage_score': 1.0, 'landuse_score': 1.0, 'soil_score': 2.0, 'aspect_score': 4.0}"
LS-00152,2026-W31,0.0,masked,"{'slope_score': 3.0, 'rainfall_score': 1.0, 'ndvi_score': None, 'drainage_score': 1.0, 'landuse_score': 1.0, 'soil_score': 4.0, 'aspect_score': 3.0}"
LS-00153,2026-W31,0.0,masked,"{'slope_score': 3.0, 'rainfall_score': 1.0, 'ndvi_score': None, 'drainage_score': 1.0, 'landuse_score': 1.0, 'soil_score': 4.0, 'aspect_score': 4.0}"
LS-00154,2026-W31,0.0,masked,"{'slope_score': 3.0, 'rainfall_score': 1.0, 'ndvi_score': None, 'drainage_score': 1.0, 'landuse_score': 1.0, 'soil_score': 4.0, 'aspect_score': 4.0}"
LS-00155,2026-W31,0.0,masked,"{'slope_score': 3.0, 'rainfall_score': 1.0, 'ndvi_score': None, 'drainage_score': 1.0, 'landuse_score': 1.0, 'soil_score': 2.0, 'aspect_score': 4.0}"
LS-00156,2026-W31,0.0,masked,"{'slope_score': 2.0, 'rainfall_score': 1.0, 'ndvi_score': None, 'drainage_score': 1.0, 'landuse_score': 1.0, 'soil_score': 4.0, 'aspect_score': 4.0}"
LS-00157,2026-W31,0.0,masked,"{'slope_score': 3.0, 'rainfall_score': 1.0, 'ndvi_score': None, 'drainage_score': 1.0, 'landuse_score': 1.0, 'soil_score': 2.0, 'aspect_score': 4.0}"
LS-00158,2026-W31,0.0,masked,"{'slope_score': 3.0, 'rainfall_score': 1.0, 'ndvi_score': None, 'drainage_score': 1.0, 'landuse_score': 1.0, 'soil_score': 4.0, 'aspect_score': 3.0}"
LS-00159,2026-W31,0.0,masked,"{'slope_score': 3.0, 'rainfall_score': 1.0, 'ndvi_score': None, 'drainage_score': 1.0, 'landuse_score': 1.0, 'soil_score': 4.0, 'aspect_score': 4.0}"
LS-00160,2026-W31,0.0,masked,"{'slope_score': 3.0, 'rainfall_score': 1.0, 'ndvi_score': None, 'drainage_score': 1.0, 'landuse_score': 1.0, 'soil_score': 2.0, 'aspect_score': 4.0}"
LS-00161,2026-W31,0.0,masked,"{'slope_score': 4.0, 'rainfall_score': 1.0, 'ndvi_score': None, 'drainage_score': 1.0, 'landuse_score': 1.0, 'soil_score': 4.0, 'aspect_score': 4.0}"
LS-00162,2026-W31,0.0,masked,"{'slope_score': 3.0, 'rainfall_score': 1.0, 'ndvi_score': None, 'drainage_score': 1.0, 'landuse_score': 1.0, 'soil_score': 2.0, 'aspect_score': 4.0}"
LS-00163,2026-W31,0.0,masked,"{'slope_score': 3.0, 'rainfall_score': 1.0, 'ndvi_score': None, 'drainage_score': 1.0, 'landuse_score': 1.0, 'soil_score': 2.0, 'aspect_score': 4.0}"
LS-00164,2026-W31,0.0,masked,"{'slope_score': 3.0, 'rainfall_score': 1.0, 'ndvi_score': None, 'drainage_score': 1.0, 'landuse_score': 1.0, 'soil_score': 4.0, 'aspect_score': 4.0}"
LS-00165,2026-W31,0.0,masked,"{'slope_score': 3.0, 'rainfall_score': 1.0, 'ndvi_score': None, 'drainage_score': 1.0, 'landuse_score': 1.0, 'soil_score': 2.0, 'aspect_score': 4.0}"
LS-00166,2026-W31,0.0,masked,"{'slope_score': 3.0, 'rainfall_score': 1.0, 'ndvi_score': None, 'drainage_score': 1.0, 'landuse_score': 1.0, 'soil_score': 2.0, 'aspect_score': 2.0}"
LS-00167,2026-W31,41.0,Landslide Unlikely,"{'slope_score': 3.0, 'rainfall_score': 1.0, 'ndvi_score': 1.0, 'drainage_score': 1.0, 'landuse_score': 1.0, 'soil_score': 2.0, 'aspect_score': 2.0}"
LS-00168,2026-W31,41.0,Landslide Unlikely,"{'slope_score': 3.0, 'rainfall_score': 1.0, 'ndvi_score': 1.0, 'drainage_score': 1.0, 'landuse_score': 1.0, 'soil_score': 2.0, 'aspect_score': 2.0}"
LS-00169,2026-W31,0.0,masked,"{'slope_score': 3.0, 'rainfall_score': 1.0, 'ndvi_score': None, 'drainage_score': 1.0, 'landuse_score': 1.0, 'soil_score': 4.0, 'aspect_score': 2.0}"
LS-00170,2026-W31,0.0,masked,"{'slope_score': 4.0, 'rainfall_score': 1.0, 'ndvi_score': None, 'drainage_score': 1.0, 'landuse_score': 1.0, 'soil_score': 4.0, 'aspect_score': 2.0}"
LS-00171,2026-W31,0.0,masked,"{'slope_score': 3.0, 'rainfall_score': 1.0, 'ndvi_score': None, 'drainage_score': 1.0, 'landuse_score': 1.0, 'soil_score': 4.0, 'aspect_score': 2.0}"
LS-00172,2026-W31,0.0,masked,"{'slope_score': 4.0, 'rainfall_score': 1.0, 'ndvi_score': None, 'drainage_score': 1.0, 'landuse_score': 1.0, 'soil_score': 4.0, 'aspect_score': 2.0}"
LS-00173,2026-W31,0.0,masked,"{'slope_score': 4.0, 'rainfall_score': 1.0, 'ndvi_score': None, 'drainage_score': 1.0, 'landuse_score': 1.0, 'soil_score': 4.0, 'aspect_score': 2.0}"
LS-00174,2026-W31,0.0,masked,"{'slope_score': 3.0, 'rainfall_score': 1.0, 'ndvi_score': None, 'drainage_score': 1.0, 'landuse_score': 1.0, 'soil_score': 4.0, 'aspect_score': 2.0}"
LS-00175,2026-W31,0.0,masked,"{'slope_score': 3.0, 'rainfall_score': 1.0, 'ndvi_score': None, 'drainage_score': 1.0, 'landuse_score': 1.0, 'soil_score': 4.0, 'aspect_score': 3.0}"
LS-00176,2026-W31,0.0,masked,"{'slope_score': 3.0, 'rainfall_score': 1.0, 'ndvi_score': None, 'drainage_score': 1.0, 'landuse_score': 1.0, 'soil_score': 4.0, 'aspect_score': 4.0}"
LS-00177,2026-W31,0.0,masked,"{'slope_score': 3.0, 'rainfall_score': 1.0, 'ndvi_score': None, 'drainage_score': 1.0, 'landuse_score': 1.0, 'soil_score': 4.0, 'aspect_score': 2.0}"
LS-00178,2026-W31,0.0,masked,"{'slope_score': 3.0, 'rainfall_score': 1.0, 'ndvi_score': None, 'drainage_score': 1.0, 'landuse_score': 1.0, 'soil_score': 4.0, 'aspect_score': 2.0}"
LS-00179,2026-W31,0.0,masked,"{'slope_score': 3.0, 'rainfall_score': 1.0, 'ndvi_score': None, 'drainage_score': 1.0, 'landuse_score': 1.0, 'soil_score': 4.0, 'aspect_score': 4.0}"
LS-00180,2026-W31,0.0,masked,"{'slope_score': 3.0, 'rainfall_score': 1.0, 'ndvi_score': None, 'drainage_score': 1.0, 'landuse_score': 1.0, 'soil_score': 4.0, 'aspect_score': 3.0}"
LS-00181,2026-W31,0.0,masked,"{'slope_score': 4.0, 'rainfall_score': 1.0, 'ndvi_score': None, 'drainage_score': 1.0, 'landuse_score': 1.0, 'soil_score': 4.0, 'aspect_score': 3.0}"
LS-00182,2026-W31,0.0,masked,"{'slope_score': 4.0, 'rainfall_score': 1.0, 'ndvi_score': None, 'drainage_score': 1.0, 'landuse_score': 1.0, 'soil_score': 4.0, 'aspect_score': 3.0}"
LS-00183,2026-W31,0.0,masked,"{'slope_score': 4.0, 'rainfall_score': 1.0, 'ndvi_score': None, 'drainage_score': 1.0, 'landuse_score': 1.0, 'soil_score': 4.0, 'aspect_score': 2.0}"
LS-00184,2026-W31,0.0,masked,"{'slope_score': 4.0, 'rainfall_score': 1.0, 'ndvi_score': None, 'drainage_score': 1.0, 'landuse_score': 1.0, 'soil_score': 4.0, 'aspect_score': 3.0}"
LS-00185,2026-W31,0.0,masked,"{'slope_score': 4.0, 'rainfall_score': 1.0, 'ndvi_score': None, 'drainage_score': 1.0, 'landuse_score': 1.0, 'soil_score': 4.0, 'aspect_score': 4.0}"
LS-00186,2026-W31,0.0,masked,"{'slope_score': 3.0, 'rainfall_score': 1.0, 'ndvi_score': None, 'drainage_score': 1.0, 'landuse_score': 1.0, 'soil_score': 4.0, 'aspect_score': 2.0}"
LS-00187,2026-W31,0.0,masked,"{'slope_score': 3.0, 'rainfall_score': 1.0, 'ndvi_score': None, 'drainage_score': 1.0, 'landuse_score': 1.0, 'soil_score': 4.0, 'aspect_score': 4.0}"
LS-00188,2026-W31,0.0,masked,"{'slope_score': 3.0, 'rainfall_score': 1.0, 'ndvi_score': None, 'drainage_score': 1.0, 'landuse_score': 1.0, 'soil_score': 4.0, 'aspect_score': 2.0}"
LS-00189,2026-W31,0.0,masked,"{'slope_score': 3.0, 'rainfall_score': 1.0, 'ndvi_score': None, 'drainage_score': 1.0, 'landuse_score': 1.0, 'soil_score': 4.0, 'aspect_score': 2.0}"
LS-00190,2026-W31,0.0,masked,"{'slope_score': 3.0, 'rainfall_score': 1.0, 'ndvi_score': None, 'drainage_score': 1.0, 'landuse_score': 1.0, 'soil_score': 4.0, 'aspect_score': 2.0}"
LS-00191,2026-W31,0.0,masked,"{'slope_score': 4.0, 'rainfall_score': 1.0, 'ndvi_score': None, 'drainage_score': 1.0, 'landuse_score': 1.0, 'soil_score': 4.0, 'aspect_score': 2.0}"
LS-00192,2026-W31,70.0,Modest Hazard,"{'slope_score': 4.0, 'rainfall_score': 1.0, 'ndvi_score': 1.0, 'drainage_score': 1.0, 'landuse_score': 1.0, 'soil_score': 4.0, 'aspect_score': 2.0}"
LS-00193,2026-W31,54.0,Modest Hazard,"{'slope_score': 3.0, 'rainfall_score': 1.0, 'ndvi_score': 1.0, 'drainage_score': 1.0, 'landuse_score': 1.0, 'soil_score': 4.0, 'aspect_score': 2.0}"
LS-00194,2026-W31,57.0,Modest Hazard,"{'slope_score': 3.0, 'rainfall_score': 1.0, 'ndvi_score': 1.0, 'drainage_score': 1.0, 'landuse_score': 1.0, 'soil_score': 4.0, 'aspect_score': 3.0}"
LS-00195,2026-W31,0.0,masked,"{'slope_score': 3.0, 'rainfall_score': 1.0, 'ndvi_score': None, 'drainage_score': 1.0, 'landuse_score': 1.0, 'soil_score': 4.0, 'aspect_score': 2.0}"
LS-00196,2026-W31,0.0,masked,"{'slope_score': 3.0, 'rainfall_score': 1.0, 'ndvi_score': None, 'drainage_score': 1.0, 'landuse_score': 1.0, 'soil_score': 4.0, 'aspect_score': 2.0}"
LS-00197,2026-W31,0.0,masked,"{'slope_score': 4.0, 'rainfall_score': 1.0, 'ndvi_score': None, 'drainage_score': 1.0, 'landuse_score': 1.0, 'soil_score': 4.0, 'aspect_score': 4.0}"
LS-00198,2026-W31,0.0,masked,"{'slope_score': 3.0, 'rainfall_score': 1.0, 'ndvi_score': None, 'drainage_score': 1.0, 'landuse_score': 1.0, 'soil_score': 4.0, 'aspect_score': 4.0}"
LS-00199,2026-W31,0.0,masked,"{'slope_score': 3.0, 'rainfall_score': 1.0, 'ndvi_score': None, 'drainage_score': 1.0, 'landuse_score': 1.0, 'soil_score': 4.0, 'aspect_score': 2.0}"
LS-00200,2026-W31,0.0,masked,"{'slope_score': 3.0, 'rainfall_score': 1.0, 'ndvi_score': None, 'drainage_score': 1.0, 'landuse_score': 1.0, 'soil_score': 4.0, 'aspect_score': 4.0}"
LS-00201,2026-W31,0.0,masked,"{'slope_score': 4.0, 'rainfall_score': 1.0, 'ndvi_score': None, 'drainage_score': 1.0, 'landuse_score': 1.0, 'soil_score': 4.0, 'aspect_score': 2.0}"
LS-00202,2026-W31,0.0,masked,"{'slope_score': 4.0, 'rainfall_score': 1.0, 'ndvi_score': None, 'drainage_score': 1.0, 'landuse_score': 1.0, 'soil_score': 4.0, 'aspect_score': 4.0}"
LS-00203,2026-W31,0.0,masked,"{'slope_score': 3.0, 'rainfall_score': 1.0, 'ndvi_score': None, 'drainage_score': 1.0, 'landuse_score': 1.0, 'soil_score': 4.0, 'aspect_score': 4.0}"
LS-00204,2026-W31,0.0,masked,"{'slope_score': 3.0, 'rainfall_score': 1.0, 'ndvi_score': None, 'drainage_score': 1.0, 'landuse_score': 1.0, 'soil_score': 4.0, 'aspect_score': 3.0}"
LS-00205,2026-W31,0.0,masked,"{'slope_score': 4.0, 'rainfall_score': 1.0, 'ndvi_score': None, 'drainage_score': 1.0, 'landuse_score': 1.0, 'soil_score': 4.0, 'aspect_score': 2.0}"
LS-00206,2026-W31,0.0,masked,"{'slope_score': 3.0, 'rainfall_score': 1.0, 'ndvi_score': None, 'drainage_score': 1.0, 'landuse_score': 1.0, 'soil_score': 4.0, 'aspect_score': 2.0}"
LS-00207,2026-W31,70.0,Modest Hazard,"{'slope_score': 4.0, 'rainfall_score': 1.0, 'ndvi_score': 1.0, 'drainage_score': 1.0, 'landuse_score': 1.0, 'soil_score': 4.0, 'aspect_score': 2.0}"
LS-00208,2026-W31,0.0,masked,"{'slope_score': 3.0, 'rainfall_score': 1.0, 'ndvi_score': None, 'drainage_score': 1.0, 'landuse_score': 1.0, 'soil_score': 4.0, 'aspect_score': 2.0}"
LS-00209,2026-W31,0.0,masked,"{'slope_score': 3.0, 'rainfall_score': 1.0, 'ndvi_score': None, 'drainage_score': 1.0, 'landuse_score': 1.0, 'soil_score': 4.0, 'aspect_score': 4.0}"
LS-00210,2026-W31,0.0,masked,"{'slope_score': 3.0, 'rainfall_score': 1.0, 'ndvi_score': None, 'drainage_score': 1.0, 'landuse_score': 1.0, 'soil_score': 2.0, 'aspect_score': 4.0}"
LS-00211,2026-W31,0.0,masked,"{'slope_score': 3.0, 'rainfall_score': 1.0, 'ndvi_score': None, 'drainage_score': 1.0, 'landuse_score': 1.0, 'soil_score': 4.0, 'aspect_score': 2.0}"
LS-00212,2026-W31,0.0,masked,"{'slope_score': 3.0, 'rainfall_score': 1.0, 'ndvi_score': None, 'drainage_score': 1.0, 'landuse_score': 1.0, 'soil_score': 4.0, 'aspect_score': 2.0}"
LS-00213,2026-W31,0.0,masked,"{'slope_score': 3.0, 'rainfall_score': 1.0, 'ndvi_score': None, 'drainage_score': 1.0, 'landuse_score': 1.0, 'soil_score': 2.0, 'aspect_score': 2.0}"
LS-00214,2026-W31,0.0,masked,"{'slope_score': 3.0, 'rainfall_score': 1.0, 'ndvi_score': None, 'drainage_score': 1.0, 'landuse_score': 1.0, 'soil_score': 4.0, 'aspect_score': 4.0}"
LS-00215,2026-W31,0.0,masked,"{'slope_score': 3.0, 'rainfall_score': 1.0, 'ndvi_score': None, 'drainage_score': 1.0, 'landuse_score': 1.0, 'soil_score': 4.0, 'aspect_score': 3.0}"
LS-00216,2026-W31,0.0,masked,"{'slope_score': 2.0, 'rainfall_score': 1.0, 'ndvi_score': None, 'drainage_score': 1.0, 'landuse_score': 1.0, 'soil_score': 2.0, 'aspect_score': 4.0}"
LS-00217,2026-W31,61.0,Modest Hazard,"{'slope_score': 3.0, 'rainfall_score': 1.0, 'ndvi_score': 1.0, 'drainage_score': 1.0, 'landuse_score': 1.0, 'soil_score': 4.0, 'aspect_score': 4.0}"
LS-00218,2026-W31,0.0,masked,"{'slope_score': 3.0, 'rainfall_score': 1.0, 'ndvi_score': None, 'drainage_score': 1.0, 'landuse_score': 1.0, 'soil_score': 4.0, 'aspect_score': 2.0}"
LS-00219,2026-W31,0.0,masked,"{'slope_score': 3.0, 'rainfall_score': 1.0, 'ndvi_score': None, 'drainage_score': 1.0, 'landuse_score': 1.0, 'soil_score': 4.0, 'aspect_score': 3.0}"
LS-00220,2026-W31,0.0,masked,"{'slope_score': 3.0, 'rainfall_score': 1.0, 'ndvi_score': None, 'drainage_score': 1.0, 'landuse_score': 1.0, 'soil_score': 4.0, 'aspect_score': 2.0}"
LS-00221,2026-W31,0.0,masked,"{'slope_score': 3.0, 'rainfall_score': 1.0, 'ndvi_score': None, 'drainage_score': 1.0, 'landuse_score': 1.0, 'soil_score': 4.0, 'aspect_score': 4.0}"
LS-00222,2026-W31,0.0,masked,"{'slope_score': 3.0, 'rainfall_score': 1.0, 'ndvi_score': None, 'drainage_score': 1.0, 'landuse_score': 1.0, 'soil_score': 4.0, 'aspect_score': 3.0}"
LS-00223,2026-W31,0.0,masked,"{'slope_score': 3.0, 'rainfall_score': 1.0, 'ndvi_score': None, 'drainage_score': 1.0, 'landuse_score': 1.0, 'soil_score': 4.0, 'aspect_score': 2.0}"
LS-00224,2026-W31,0.0,masked,"{'slope_score': 3.0, 'rainfall_score': 1.0, 'ndvi_score': None, 'drainage_score': 1.0, 'landuse_score': 1.0, 'soil_score': 4.0, 'aspect_score': 3.0}"
LS-00225,2026-W31,67.0,Modest Hazard,"{'slope_score': 3.0, 'rainfall_score': 1.0, 'ndvi_score': 2.0, 'drainage_score': 1.0, 'landuse_score': 1.0, 'soil_score': 4.0, 'aspect_score': 4.0}"
LS-00226,2026-W31,0.0,masked,"{'slope_score': 3.0, 'rainfall_score': 1.0, 'ndvi_score': None, 'drainage_score': 1.0, 'landuse_score': 1.0, 'soil_score': 4.0, 'aspect_score': 4.0}"
LS-00227,2026-W31,67.0,Modest Hazard,"{'slope_score': 3.0, 'rainfall_score': 1.0, 'ndvi_score': 2.0, 'drainage_score': 1.0, 'landuse_score': 1.0, 'soil_score': 4.0, 'aspect_score': 4.0}"
LS-00228,2026-W31,0.0,masked,"{'slope_score': 3.0, 'rainfall_score': 1.0, 'ndvi_score': None, 'drainage_score': 1.0, 'landuse_score': 1.0, 'soil_score': 4.0, 'aspect_score': 4.0}"
LS-00229,2026-W31,0.0,masked,"{'slope_score': 4.0, 'rainfall_score': 1.0, 'ndvi_score': None, 'drainage_score': 1.0, 'landuse_score': 1.0, 'soil_score': 4.0, 'aspect_score': 4.0}"
LS-00230,2026-W31,0.0,masked,"{'slope_score': 4.0, 'rainfall_score': 1.0, 'ndvi_score': None, 'drainage_score': 1.0, 'landuse_score': 1.0, 'soil_score': 4.0, 'aspect_score': 4.0}"
LS-00231,2026-W31,0.0,masked,"{'slope_score': 4.0, 'rainfall_score': 1.0, 'ndvi_score': None, 'drainage_score': 1.0, 'landuse_score': 1.0, 'soil_score': 4.0, 'aspect_score': 4.0}"
LS-00232,2026-W31,0.0,masked,"{'slope_score': 3.0, 'rainfall_score': 1.0, 'ndvi_score': None, 'drainage_score': 1.0, 'landuse_score': 1.0, 'soil_score': 4.0, 'aspect_score': 2.0}"
LS-00233,2026-W31,61.0,Modest Hazard,"{'slope_score': 3.0, 'rainfall_score': 1.0, 'ndvi_score': 1.0, 'drainage_score': 1.0, 'landuse_score': 1.0, 'soil_score': 4.0, 'aspect_score': 4.0}"
LS-00234,2026-W31,54.0,Modest Hazard,"{'slope_score': 3.0, 'rainfall_score': 1.0, 'ndvi_score': 1.0, 'drainage_score': 1.0, 'landuse_score': 1.0, 'soil_score': 4.0, 'aspect_score': 2.0}"
LS-00235,2026-W31,54.0,Modest Hazard,"{'slope_score': 3.0, 'rainfall_score': 1.0, 'ndvi_score': 1.0, 'drainage_score': 1.0, 'landuse_score': 1.0, 'soil_score': 4.0, 'aspect_score': 2.0}"
LS-00236,2026-W31,54.0,Modest Hazard,"{'slope_score': 3.0, 'rainfall_score': 1.0, 'ndvi_score': 1.0, 'drainage_score': 1.0, 'landuse_score': 1.0, 'soil_score': 4.0, 'aspect_score': 2.0}"
LS-00237,2026-W31,70.0,Modest Hazard,"{'slope_score': 4.0, 'rainfall_score': 1.0, 'ndvi_score': 1.0, 'drainage_score': 1.0, 'landuse_score': 1.0, 'soil_score': 4.0, 'aspect_score': 2.0}"
LS-00238,2026-W31,61.0,Modest Hazard,"{'slope_score': 3.0, 'rainfall_score': 1.0, 'ndvi_score': 1.0, 'drainage_score': 1.0, 'landuse_score': 1.0, 'soil_score': 4.0, 'aspect_score': 4.0}"
LS-00239,2026-W31,45.0,Landslide Unlikely,"{'slope_score': 3.0, 'rainfall_score': 1.0, 'ndvi_score': 1.0, 'drainage_score': 1.0, 'landuse_score': 1.0, 'soil_score': 2.0, 'aspect_score': 3.0}"
LS-00240,2026-W31,57.0,Modest Hazard,"{'slope_score': 3.0, 'rainfall_score': 1.0, 'ndvi_score': 1.0, 'drainage_score': 1.0, 'landuse_score': 1.0, 'soil_score': 4.0, 'aspect_score': 3.0}"
LS-00241,2026-W31,48.0,Landslide Unlikely,"{'slope_score': 3.0, 'rainfall_score': 1.0, 'ndvi_score': 1.0, 'drainage_score': 1.0, 'landuse_score': 1.0, 'soil_score': 2.0, 'aspect_score': 4.0}"
LS-00242,2026-W31,54.0,Modest Hazard,"{'slope_score': 3.0, 'rainfall_score': 1.0, 'ndvi_score': 1.0, 'drainage_score': 1.0, 'landuse_score': 1.0, 'soil_score': 4.0, 'aspect_score': 2.0}"
LS-00243,2026-W31,77.0,Modest Hazard,"{'slope_score': 4.0, 'rainfall_score': 1.0, 'ndvi_score': 1.0, 'drainage_score': 1.0, 'landuse_score': 1.0, 'soil_score': 4.0, 'aspect_score': 4.0}"
LS-00244,2026-W31,77.0,Modest Hazard,"{'slope_score': 4.0, 'rainfall_score': 1.0, 'ndvi_score': 1.0, 'drainage_score': 1.0, 'landuse_score': 1.0, 'soil_score': 4.0, 'aspect_score': 4.0}"
LS-00245,2026-W31,61.0,Modest Hazard,"{'slope_score': 3.0, 'rainfall_score': 1.0, 'ndvi_score': 1.0, 'drainage_score': 1.0, 'landuse_score': 1.0, 'soil_score': 4.0, 'aspect_score': 4.0}"
LS-00246,2026-W31,77.0,Modest Hazard,"{'slope_score': 4.0, 'rainfall_score': 1.0, 'ndvi_score': 1.0, 'drainage_score': 1.0, 'landuse_score': 1.0, 'soil_score': 4.0, 'aspect_score': 4.0}"
LS-00247,2026-W31,77.0,Modest Hazard,"{'slope_score': 4.0, 'rainfall_score': 1.0, 'ndvi_score': 1.0, 'drainage_score': 1.0, 'landuse_score': 1.0, 'soil_score': 4.0, 'aspect_score': 4.0}"
LS-00248,2026-W31,83.0,Landslides Expected,"{'slope_score': 4.0, 'rainfall_score': 1.0, 'ndvi_score': 2.0, 'drainage_score': 1.0, 'landuse_score': 1.0, 'soil_score': 4.0, 'aspect_score': 4.0}"
LS-00249,2026-W31,83.0,Landslides Expected,"{'slope_score': 4.0, 'rainfall_score': 1.0, 'ndvi_score': 2.0, 'drainage_score': 1.0, 'landuse_score': 1.0, 'soil_score': 4.0, 'aspect_score': 4.0}"
LS-00250,2026-W31,83.0,Landslides Expected,"{'slope_score': 4.0, 'rainfall_score': 1.0, 'ndvi_score': 2.0, 'drainage_score': 1.0, 'landuse_score': 1.0, 'soil_score': 4.0, 'aspect_score': 4.0}"
LS-00251,2026-W31,61.0,Modest Hazard,"{'slope_score': 3.0, 'rainfall_score': 1.0, 'ndvi_score': 1.0, 'drainage_score': 1.0, 'landuse_score': 1.0, 'soil_score': 4.0, 'aspect_score': 4.0}"
LS-00252,2026-W31,77.0,Modest Hazard,"{'slope_score': 4.0, 'rainfall_score': 1.0, 'ndvi_score': 1.0, 'drainage_score': 1.0, 'landuse_score': 1.0, 'soil_score': 4.0, 'aspect_score': 4.0}"
LS-00253,2026-W31,54.0,Modest Hazard,"{'slope_score': 3.0, 'rainfall_score': 1.0, 'ndvi_score': 1.0, 'drainage_score': 1.0, 'landuse_score': 1.0, 'soil_score': 4.0, 'aspect_score': 2.0}"
LS-00254,2026-W31,61.0,Modest Hazard,"{'slope_score': 3.0, 'rainfall_score': 1.0, 'ndvi_score': 1.0, 'drainage_score': 1.0, 'landuse_score': 1.0, 'soil_score': 4.0, 'aspect_score': 4.0}"
LS-00255,2026-W31,70.0,Modest Hazard,"{'slope_score': 4.0, 'rainfall_score': 1.0, 'ndvi_score': 1.0, 'drainage_score': 1.0, 'landuse_score': 1.0, 'soil_score': 4.0, 'aspect_score': 2.0}"
LS-00256,2026-W31,54.0,Modest Hazard,"{'slope_score': 3.0, 'rainfall_score': 1.0, 'ndvi_score': 1.0, 'drainage_score': 1.0, 'landuse_score': 1.0, 'soil_score': 4.0, 'aspect_score': 2.0}"
LS-00257,2026-W31,54.0,Modest Hazard,"{'slope_score': 3.0, 'rainfall_score': 1.0, 'ndvi_score': 1.0, 'drainage_score': 1.0, 'landuse_score': 1.0, 'soil_score': 4.0, 'aspect_score': 2.0}"
LS-00258,2026-W31,77.0,Modest Hazard,"{'slope_score': 4.0, 'rainfall_score': 1.0, 'ndvi_score': 1.0, 'drainage_score': 1.0, 'landuse_score': 1.0, 'soil_score': 4.0, 'aspect_score': 4.0}"
LS-00259,2026-W31,54.0,Modest Hazard,"{'slope_score': 3.0, 'rainfall_score': 1.0, 'ndvi_score': 1.0, 'drainage_score': 1.0, 'landuse_score': 1.0, 'soil_score': 4.0, 'aspect_score': 2.0}"
LS-00260,2026-W31,61.0,Modest Hazard,"{'slope_score': 3.0, 'rainfall_score': 1.0, 'ndvi_score': 1.0, 'drainage_score': 1.0, 'landuse_score': 1.0, 'soil_score': 4.0, 'aspect_score': 4.0}"
LS-00261,2026-W31,77.0,Modest Hazard,"{'slope_score': 4.0, 'rainfall_score': 1.0, 'ndvi_score': 1.0, 'drainage_score': 1.0, 'landuse_score': 1.0, 'soil_score': 4.0, 'aspect_score': 4.0}"
LS-00262,2026-W31,54.0,Modest Hazard,"{'slope_score': 3.0, 'rainfall_score': 1.0, 'ndvi_score': 1.0, 'drainage_score': 1.0, 'landuse_score': 1.0, 'soil_score': 4.0, 'aspect_score': 2.0}"
LS-00263,2026-W31,54.0,Modest Hazard,"{'slope_score': 3.0, 'rainfall_score': 1.0, 'ndvi_score': 1.0, 'drainage_score': 1.0, 'landuse_score': 1.0, 'soil_score': 4.0, 'aspect_score': 2.0}"
LS-00264,2026-W31,70.0,Modest Hazard,"{'slope_score': 4.0, 'rainfall_score': 1.0, 'ndvi_score': 1.0, 'drainage_score': 1.0, 'landuse_score': 1.0, 'soil_score': 4.0, 'aspect_score': 2.0}"
LS-00265,2026-W31,54.0,Modest Hazard,"{'slope_score': 3.0, 'rainfall_score': 1.0, 'ndvi_score': 1.0, 'drainage_score': 1.0, 'landuse_score': 1.0, 'soil_score': 4.0, 'aspect_score': 2.0}"
LS-00266,2026-W31,54.0,Modest Hazard,"{'slope_score': 3.0, 'rainfall_score': 1.0, 'ndvi_score': 1.0, 'drainage_score': 1.0, 'landuse_score': 1.0, 'soil_score': 4.0, 'aspect_score': 2.0}"
LS-00267,2026-W31,70.0,Modest Hazard,"{'slope_score': 4.0, 'rainfall_score': 1.0, 'ndvi_score': 1.0, 'drainage_score': 1.0, 'landuse_score': 1.0, 'soil_score': 4.0, 'aspect_score': 2.0}"
LS-00268,2026-W31,54.0,Modest Hazard,"{'slope_score': 3.0, 'rainfall_score': 1.0, 'ndvi_score': 1.0, 'drainage_score': 1.0, 'landuse_score': 1.0, 'soil_score': 4.0, 'aspect_score': 2.0}"
LS-00269,2026-W31,57.0,Modest Hazard,"{'slope_score': 3.0, 'rainfall_score': 1.0, 'ndvi_score': 1.0, 'drainage_score': 1.0, 'landuse_score': 1.0, 'soil_score': 4.0, 'aspect_score': 3.0}"
LS-00270,2026-W31,57.0,Modest Hazard,"{'slope_score': 3.0, 'rainfall_score': 1.0, 'ndvi_score': 1.0, 'drainage_score': 1.0, 'landuse_score': 1.0, 'soil_score': 4.0, 'aspect_score': 3.0}"
LS-00271,2026-W31,54.0,Modest Hazard,"{'slope_score': 3.0, 'rainfall_score': 1.0, 'ndvi_score': 1.0, 'drainage_score': 1.0, 'landuse_score': 1.0, 'soil_score': 4.0, 'aspect_score': 2.0}"
LS-00272,2026-W31,57.0,Modest Hazard,"{'slope_score': 3.0, 'rainfall_score': 1.0, 'ndvi_score': 1.0, 'drainage_score': 1.0, 'landuse_score': 1.0, 'soil_score': 4.0, 'aspect_score': 3.0}"
LS-00273,2026-W31,57.0,Modest Hazard,"{'slope_score': 3.0, 'rainfall_score': 1.0, 'ndvi_score': 1.0, 'drainage_score': 1.0, 'landuse_score': 1.0, 'soil_score': 4.0, 'aspect_score': 3.0}"
LS-00274,2026-W31,54.0,Modest Hazard,"{'slope_score': 3.0, 'rainfall_score': 1.0, 'ndvi_score': 1.0, 'drainage_score': 1.0, 'landuse_score': 1.0, 'soil_score': 4.0, 'aspect_score': 2.0}"
LS-00275,2026-W31,54.0,Modest Hazard,"{'slope_score': 3.0, 'rainfall_score': 1.0, 'ndvi_score': 1.0, 'drainage_score': 1.0, 'landuse_score': 1.0, 'soil_score': 4.0, 'aspect_score': 2.0}"
LS-00276,2026-W31,57.0,Modest Hazard,"{'slope_score': 3.0, 'rainfall_score': 1.0, 'ndvi_score': 1.0, 'drainage_score': 1.0, 'landuse_score': 1.0, 'soil_score': 4.0, 'aspect_score': 3.0}"
LS-00277,2026-W31,54.0,Modest Hazard,"{'slope_score': 3.0, 'rainfall_score': 1.0, 'ndvi_score': 1.0, 'drainage_score': 1.0, 'landuse_score': 1.0, 'soil_score': 4.0, 'aspect_score': 2.0}"
LS-00278,2026-W31,54.0,Modest Hazard,"{'slope_score': 3.0, 'rainfall_score': 1.0, 'ndvi_score': 1.0, 'drainage_score': 1.0, 'landuse_score': 1.0, 'soil_score': 4.0, 'aspect_score': 2.0}"
LS-00279,2026-W31,54.0,Modest Hazard,"{'slope_score': 3.0, 'rainfall_score': 1.0, 'ndvi_score': 1.0, 'drainage_score': 1.0, 'landuse_score': 1.0, 'soil_score': 4.0, 'aspect_score': 2.0}"
LS-00280,2026-W31,57.0,Modest Hazard,"{'slope_score': 3.0, 'rainfall_score': 1.0, 'ndvi_score': 1.0, 'drainage_score': 1.0, 'landuse_score': 1.0, 'soil_score': 4.0, 'aspect_score': 3.0}"
LS-00281,2026-W31,57.0,Modest Hazard,"{'slope_score': 3.0, 'rainfall_score': 1.0, 'ndvi_score': 1.0, 'drainage_score': 1.0, 'landuse_score': 1.0, 'soil_score': 4.0, 'aspect_score': 3.0}"
LS-00282,2026-W31,54.0,Modest Hazard,"{'slope_score': 3.0, 'rainfall_score': 1.0, 'ndvi_score': 1.0, 'drainage_score': 1.0, 'landuse_score': 1.0, 'soil_score': 4.0, 'aspect_score': 2.0}"
LS-00283,2026-W31,38.0,Landslide Unlikely,"{'slope_score': 2.0, 'rainfall_score': 1.0, 'ndvi_score': 1.0, 'drainage_score': 1.0, 'landuse_score': 1.0, 'soil_score': 4.0, 'aspect_score': 2.0}"
LS-00284,2026-W31,41.0,Landslide Unlikely,"{'slope_score': 2.0, 'rainfall_score': 1.0, 'ndvi_score': 1.0, 'drainage_score': 1.0, 'landuse_score': 1.0, 'soil_score': 4.0, 'aspect_score': 3.0}"
LS-00285,2026-W31,61.0,Modest Hazard,"{'slope_score': 3.0, 'rainfall_score': 1.0, 'ndvi_score': 1.0, 'drainage_score': 1.0, 'landuse_score': 1.0, 'soil_score': 4.0, 'aspect_score': 4.0}"
LS-00286,2026-W31,61.0,Modest Hazard,"{'slope_score': 3.0, 'rainfall_score': 1.0, 'ndvi_score': 1.0, 'drainage_score': 1.0, 'landuse_score': 1.0, 'soil_score': 4.0, 'aspect_score': 4.0}"
LS-00287,2026-W31,57.0,Modest Hazard,"{'slope_score': 3.0, 'rainfall_score': 1.0, 'ndvi_score': 1.0, 'drainage_score': 1.0, 'landuse_score': 1.0, 'soil_score': 4.0, 'aspect_score': 3.0}"
LS-00288,2026-W31,54.0,Modest Hazard,"{'slope_score': 3.0, 'rainfall_score': 1.0, 'ndvi_score': 1.0, 'drainage_score': 1.0, 'landuse_score': 1.0, 'soil_score': 4.0, 'aspect_score': 2.0}"
LS-00289,2026-W31,54.0,Modest Hazard,"{'slope_score': 3.0, 'rainfall_score': 1.0, 'ndvi_score': 1.0, 'drainage_score': 1.0, 'landuse_score': 1.0, 'soil_score': 4.0, 'aspect_score': 2.0}"
LS-00290,2026-W31,38.0,Landslide Unlikely,"{'slope_score': 2.0, 'rainfall_score': 1.0, 'ndvi_score': 1.0, 'drainage_score': 1.0, 'landuse_score': 1.0, 'soil_score': 4.0, 'aspect_score': 2.0}"
LS-00291,2026-W31,54.0,Modest Hazard,"{'slope_score': 3.0, 'rainfall_score': 1.0, 'ndvi_score': 1.0, 'drainage_score': 1.0, 'landuse_score': 1.0, 'soil_score': 4.0, 'aspect_score': 2.0}"
LS-00292,2026-W31,54.0,Modest Hazard,"{'slope_score': 3.0, 'rainfall_score': 1.0, 'ndvi_score': 1.0, 'drainage_score': 1.0, 'landuse_score': 1.0, 'soil_score': 4.0, 'aspect_score': 2.0}"
LS-00293,2026-W31,57.0,Modest Hazard,"{'slope_score': 3.0, 'rainfall_score': 1.0, 'ndvi_score': 1.0, 'drainage_score': 1.0, 'landuse_score': 1.0, 'soil_score': 4.0, 'aspect_score': 3.0}"
LS-00294,2026-W31,54.0,Modest Hazard,"{'slope_score': 3.0, 'rainfall_score': 1.0, 'ndvi_score': 1.0, 'drainage_score': 1.0, 'landuse_score': 1.0, 'soil_score': 4.0, 'aspect_score': 2.0}"
LS-00295,2026-W31,38.0,Landslide Unlikely,"{'slope_score': 2.0, 'rainfall_score': 1.0, 'ndvi_score': 1.0, 'drainage_score': 1.0, 'landuse_score': 1.0, 'soil_score': 4.0, 'aspect_score': 2.0}"
LS-00296,2026-W31,54.0,Modest Hazard,"{'slope_score': 3.0, 'rainfall_score': 1.0, 'ndvi_score': 1.0, 'drainage_score': 1.0, 'landuse_score': 1.0, 'soil_score': 4.0, 'aspect_score': 2.0}"
LS-00297,2026-W31,38.0,Landslide Unlikely,"{'slope_score': 2.0, 'rainfall_score': 1.0, 'ndvi_score': 1.0, 'drainage_score': 1.0, 'landuse_score': 1.0, 'soil_score': 4.0, 'aspect_score': 2.0}"
LS-00298,2026-W31,54.0,Modest Hazard,"{'slope_score': 3.0, 'rainfall_score': 1.0, 'ndvi_score': 1.0, 'drainage_score': 1.0, 'landuse_score': 1.0, 'soil_score': 4.0, 'aspect_score': 2.0}"
LS-00299,2026-W31,57.0,Modest Hazard,"{'slope_score': 3.0, 'rainfall_score': 1.0, 'ndvi_score': 1.0, 'drainage_score': 1.0, 'landuse_score': 1.0, 'soil_score': 4.0, 'aspect_score': 3.0}"
LS-00300,2026-W31,54.0,Modest Hazard,"{'slope_score': 3.0, 'rainfall_score': 1.0, 'ndvi_score': 1.0, 'drainage_score': 1.0, 'landuse_score': 1.0, 'soil_score': 4.0, 'aspect_score': 2.0}"
LS-00301,2026-W31,57.0,Modest Hazard,"{'slope_score': 3.0, 'rainfall_score': 1.0, 'ndvi_score': 1.0, 'drainage_score': 1.0, 'landuse_score': 1.0, 'soil_score': 4.0, 'aspect_score': 3.0}"
LS-00302,2026-W31,54.0,Modest Hazard,"{'slope_score': 3.0, 'rainfall_score': 1.0, 'ndvi_score': 1.0, 'drainage_score': 1.0, 'landuse_score': 1.0, 'soil_score': 4.0, 'aspect_score': 2.0}"
LS-00303,2026-W31,57.0,Modest Hazard,"{'slope_score': 3.0, 'rainfall_score': 1.0, 'ndvi_score': 1.0, 'drainage_score': 1.0, 'landuse_score': 1.0, 'soil_score': 4.0, 'aspect_score': 3.0}"
LS-00304,2026-W31,61.0,Modest Hazard,"{'slope_score': 3.0, 'rainfall_score': 1.0, 'ndvi_score': 1.0, 'drainage_score': 1.0, 'landuse_score': 1.0, 'soil_score': 4.0, 'aspect_score': 4.0}"
LS-00305,2026-W31,61.0,Modest Hazard,"{'slope_score': 3.0, 'rainfall_score': 1.0, 'ndvi_score': 1.0, 'drainage_score': 1.0, 'landuse_score': 1.0, 'soil_score': 4.0, 'aspect_score': 4.0}"
LS-00306,2026-W31,57.0,Modest Hazard,"{'slope_score': 3.0, 'rainfall_score': 1.0, 'ndvi_score': 1.0, 'drainage_score': 1.0, 'landuse_score': 1.0, 'soil_score': 4.0, 'aspect_score': 3.0}"
LS-00307,2026-W31,54.0,Modest Hazard,"{'slope_score': 3.0, 'rainfall_score': 1.0, 'ndvi_score': 1.0, 'drainage_score': 1.0, 'landuse_score': 1.0, 'soil_score': 4.0, 'aspect_score': 2.0}"
LS-00308,2026-W31,0.0,masked,"{'slope_score': 3.0, 'rainfall_score': 1.0, 'ndvi_score': None, 'drainage_score': 1.0, 'landuse_score': 1.0, 'soil_score': 2.0, 'aspect_score': 2.0}"
LS-00309,2026-W31,0.0,masked,"{'slope_score': 3.0, 'rainfall_score': 1.0, 'ndvi_score': None, 'drainage_score': 1.0, 'landuse_score': 1.0, 'soil_score': 4.0, 'aspect_score': 2.0}"
LS-00310,2026-W31,0.0,masked,"{'slope_score': 3.0, 'rainfall_score': 1.0, 'ndvi_score': None, 'drainage_score': 1.0, 'landuse_score': 1.0, 'soil_score': 2.0, 'aspect_score': 2.0}"
LS-00311,2026-W31,0.0,masked,"{'slope_score': 3.0, 'rainfall_score': 1.0, 'ndvi_score': None, 'drainage_score': 1.0, 'landuse_score': 1.0, 'soil_score': 2.0, 'aspect_score': 2.0}"
LS-00312,2026-W31,0.0,masked,"{'slope_score': 2.0, 'rainfall_score': 1.0, 'ndvi_score': None, 'drainage_score': 1.0, 'landuse_score': 1.0, 'soil_score': 2.0, 'aspect_score': 3.0}"
LS-00313,2026-W31,45.0,Landslide Unlikely,"{'slope_score': 3.0, 'rainfall_score': 1.0, 'ndvi_score': 1.0, 'drainage_score': 1.0, 'landuse_score': 1.0, 'soil_score': 2.0, 'aspect_score': 3.0}"
LS-00314,2026-W31,48.0,Landslide Unlikely,"{'slope_score': 3.0, 'rainfall_score': 1.0, 'ndvi_score': 1.0, 'drainage_score': 1.0, 'landuse_score': 1.0, 'soil_score': 2.0, 'aspect_score': 4.0}"
LS-00315,2026-W31,0.0,masked,"{'slope_score': 3.0, 'rainfall_score': 1.0, 'ndvi_score': None, 'drainage_score': 1.0, 'landuse_score': 1.0, 'soil_score': 2.0, 'aspect_score': 4.0}"
LS-00316,2026-W31,61.0,Modest Hazard,"{'slope_score': 3.0, 'rainfall_score': 1.0, 'ndvi_score': 1.0, 'drainage_score': 1.0, 'landuse_score': 1.0, 'soil_score': 4.0, 'aspect_score': 4.0}"
LS-00317,2026-W31,57.0,Modest Hazard,"{'slope_score': 3.0, 'rainfall_score': 1.0, 'ndvi_score': 1.0, 'drainage_score': 1.0, 'landuse_score': 1.0, 'soil_score': 4.0, 'aspect_score': 3.0}"
LS-00318,2026-W31,0.0,masked,"{'slope_score': 3.0, 'rainfall_score': 1.0, 'ndvi_score': None, 'drainage_score': 1.0, 'landuse_score': 1.0, 'soil_score': 2.0, 'aspect_score': 2.0}"
LS-00319,2026-W31,0.0,masked,"{'slope_score': 2.0, 'rainfall_score': 1.0, 'ndvi_score': None, 'drainage_score': 1.0, 'landuse_score': 1.0, 'soil_score': 4.0, 'aspect_score': 2.0}"
LS-00320,2026-W31,0.0,masked,"{'slope_score': 3.0, 'rainfall_score': 1.0, 'ndvi_score': None, 'drainage_score': 1.0, 'landuse_score': 1.0, 'soil_score': 4.0, 'aspect_score': 2.0}"
LS-00321,2026-W31,0.0,masked,"{'slope_score': 3.0, 'rainfall_score': 1.0, 'ndvi_score': None, 'drainage_score': 1.0, 'landuse_score': 1.0, 'soil_score': 2.0, 'aspect_score': 2.0}"
LS-00322,2026-W31,0.0,masked,"{'slope_score': 3.0, 'rainfall_score': 1.0, 'ndvi_score': None, 'drainage_score': 1.0, 'landuse_score': 1.0, 'soil_score': 4.0, 'aspect_score': 2.0}"
LS-00323,2026-W31,0.0,masked,"{'slope_score': 3.0, 'rainfall_score': 1.0, 'ndvi_score': None, 'drainage_score': 1.0, 'landuse_score': 1.0, 'soil_score': 4.0, 'aspect_score': 2.0}"
LS-00324,2026-W31,0.0,masked,"{'slope_score': 3.0, 'rainfall_score': 1.0, 'ndvi_score': None, 'drainage_score': 1.0, 'landuse_score': 1.0, 'soil_score': 2.0, 'aspect_score': 4.0}"
LS-00325,2026-W31,0.0,masked,"{'slope_score': 3.0, 'rainfall_score': 1.0, 'ndvi_score': None, 'drainage_score': 1.0, 'landuse_score': 1.0, 'soil_score': 4.0, 'aspect_score': 4.0}"
LS-00326,2026-W31,0.0,masked,"{'slope_score': 3.0, 'rainfall_score': 1.0, 'ndvi_score': None, 'drainage_score': 1.0, 'landuse_score': 1.0, 'soil_score': 4.0, 'aspect_score': 4.0}"
LS-00327,2026-W31,45.0,Landslide Unlikely,"{'slope_score': 3.0, 'rainfall_score': 1.0, 'ndvi_score': 1.0, 'drainage_score': 1.0, 'landuse_score': 1.0, 'soil_score': 2.0, 'aspect_score': 3.0}"
LS-00328,2026-W31,0.0,masked,"{'slope_score': 3.0, 'rainfall_score': 1.0, 'ndvi_score': None, 'drainage_score': 1.0, 'landuse_score': 1.0, 'soil_score': 2.0, 'aspect_score': 2.0}"
LS-00329,2026-W31,41.0,Landslide Unlikely,"{'slope_score': 3.0, 'rainfall_score': 1.0, 'ndvi_score': 1.0, 'drainage_score': 1.0, 'landuse_score': 1.0, 'soil_score': 2.0, 'aspect_score': 2.0}"
LS-00330,2026-W31,48.0,Landslide Unlikely,"{'slope_score': 3.0, 'rainfall_score': 1.0, 'ndvi_score': 2.0, 'drainage_score': 1.0, 'landuse_score': 1.0, 'soil_score': 2.0, 'aspect_score': 2.0}"
LS-00331,2026-W31,0.0,masked,"{'slope_score': 3.0, 'rainfall_score': 1.0, 'ndvi_score': None, 'drainage_score': 1.0, 'landuse_score': 1.0, 'soil_score': 2.0, 'aspect_score': 4.0}"
LS-00332,2026-W31,32.0,Landslide Unlikely,"{'slope_score': 2.0, 'rainfall_score': 1.0, 'ndvi_score': 2.0, 'drainage_score': 1.0, 'landuse_score': 1.0, 'soil_score': 2.0, 'aspect_score': 2.0}"
LS-00333,2026-W31,0.0,masked,"{'slope_score': 2.0, 'rainfall_score': 1.0, 'ndvi_score': None, 'drainage_score': 1.0, 'landuse_score': 1.0, 'soil_score': 2.0, 'aspect_score': 3.0}"
LS-00334,2026-W31,32.0,Landslide Unlikely,"{'slope_score': 2.0, 'rainfall_score': 1.0, 'ndvi_score': 1.0, 'drainage_score': 1.0, 'landuse_score': 1.0, 'soil_score': 2.0, 'aspect_score': 4.0}"
LS-00335,2026-W31,32.0,Landslide Unlikely,"{'slope_score': 2.0, 'rainfall_score': 1.0, 'ndvi_score': 1.0, 'drainage_score': 1.0, 'landuse_score': 1.0, 'soil_score': 2.0, 'aspect_score': 4.0}"
LS-00336,2026-W31,57.0,Modest Hazard,"{'slope_score': 3.0, 'rainfall_score': 1.0, 'ndvi_score': 1.0, 'drainage_score': 1.0, 'landuse_score': 1.0, 'soil_score': 4.0, 'aspect_score': 3.0}"
LS-00337,2026-W31,48.0,Landslide Unlikely,"{'slope_score': 3.0, 'rainfall_score': 1.0, 'ndvi_score': 1.0, 'drainage_score': 1.0, 'landuse_score': 1.0, 'soil_score': 2.0, 'aspect_score': 4.0}"
LS-00338,2026-W31,0.0,masked,"{'slope_score': 2.0, 'rainfall_score': 1.0, 'ndvi_score': None, 'drainage_score': 1.0, 'landuse_score': 1.0, 'soil_score': 4.0, 'aspect_score': 3.0}"
LS-00339,2026-W31,61.0,Modest Hazard,"{'slope_score': 3.0, 'rainfall_score': 1.0, 'ndvi_score': 1.0, 'drainage_score': 1.0, 'landuse_score': 1.0, 'soil_score': 4.0, 'aspect_score': 4.0}"
LS-00340,2026-W31,0.0,masked,"{'slope_score': 2.0, 'rainfall_score': 1.0, 'ndvi_score': None, 'drainage_score': 1.0, 'landuse_score': 1.0, 'soil_score': 4.0, 'aspect_score': 3.0}"
LS-00341,2026-W31,0.0,masked,"{'slope_score': 3.0, 'rainfall_score': 1.0, 'ndvi_score': None, 'drainage_score': 1.0, 'landuse_score': 1.0, 'soil_score': 4.0, 'aspect_score': 4.0}"
LS-00342,2026-W31,57.0,Modest Hazard,"{'slope_score': 3.0, 'rainfall_score': 1.0, 'ndvi_score': 1.0, 'drainage_score': 1.0, 'landuse_score': 1.0, 'soil_score': 4.0, 'aspect_score': 3.0}"
LS-00343,2026-W31,61.0,Modest Hazard,"{'slope_score': 3.0, 'rainfall_score': 1.0, 'ndvi_score': 1.0, 'drainage_score': 1.0, 'landuse_score': 1.0, 'soil_score': 4.0, 'aspect_score': 4.0}"
LS-00344,2026-W31,57.0,Modest Hazard,"{'slope_score': 3.0, 'rainfall_score': 1.0, 'ndvi_score': 1.0, 'drainage_score': 1.0, 'landuse_score': 1.0, 'soil_score': 4.0, 'aspect_score': 3.0}"
LS-00345,2026-W31,61.0,Modest Hazard,"{'slope_score': 3.0, 'rainfall_score': 1.0, 'ndvi_score': 1.0, 'drainage_score': 1.0, 'landuse_score': 1.0, 'soil_score': 4.0, 'aspect_score': 4.0}"
LS-00346,2026-W31,61.0,Modest Hazard,"{'slope_score': 3.0, 'rainfall_score': 1.0, 'ndvi_score': 1.0, 'drainage_score': 1.0, 'landuse_score': 1.0, 'soil_score': 4.0, 'aspect_score': 4.0}"
LS-00347,2026-W31,61.0,Modest Hazard,"{'slope_score': 3.0, 'rainfall_score': 1.0, 'ndvi_score': 1.0, 'drainage_score': 1.0, 'landuse_score': 1.0, 'soil_score': 4.0, 'aspect_score': 4.0}"
LS-00348,2026-W31,61.0,Modest Hazard,"{'slope_score': 3.0, 'rainfall_score': 1.0, 'ndvi_score': 1.0, 'drainage_score': 1.0, 'landuse_score': 1.0, 'soil_score': 4.0, 'aspect_score': 4.0}"
LS-00349,2026-W31,77.0,Modest Hazard,"{'slope_score': 4.0, 'rainfall_score': 1.0, 'ndvi_score': 1.0, 'drainage_score': 1.0, 'landuse_score': 1.0, 'soil_score': 4.0, 'aspect_score': 4.0}"
LS-00350,2026-W31,61.0,Modest Hazard,"{'slope_score': 3.0, 'rainfall_score': 1.0, 'ndvi_score': 1.0, 'drainage_score': 1.0, 'landuse_score': 1.0, 'soil_score': 4.0, 'aspect_score': 4.0}"
LS-00351,2026-W31,77.0,Modest Hazard,"{'slope_score': 4.0, 'rainfall_score': 1.0, 'ndvi_score': 1.0, 'drainage_score': 1.0, 'landuse_score': 1.0, 'soil_score': 4.0, 'aspect_score': 4.0}"
LS-00352,2026-W31,77.0,Modest Hazard,"{'slope_score': 4.0, 'rainfall_score': 1.0, 'ndvi_score': 1.0, 'drainage_score': 1.0, 'landuse_score': 1.0, 'soil_score': 4.0, 'aspect_score': 4.0}"
LS-00353,2026-W31,61.0,Modest Hazard,"{'slope_score': 3.0, 'rainfall_score': 1.0, 'ndvi_score': 1.0, 'drainage_score': 1.0, 'landuse_score': 1.0, 'soil_score': 4.0, 'aspect_score': 4.0}"
LS-00354,2026-W31,61.0,Modest Hazard,"{'slope_score': 3.0, 'rainfall_score': 1.0, 'ndvi_score': 1.0, 'drainage_score': 1.0, 'landuse_score': 1.0, 'soil_score': 4.0, 'aspect_score': 4.0}"
LS-00355,2026-W31,57.0,Modest Hazard,"{'slope_score': 3.0, 'rainfall_score': 1.0, 'ndvi_score': 1.0, 'drainage_score': 1.0, 'landuse_score': 1.0, 'soil_score': 4.0, 'aspect_score': 3.0}"
LS-00356,2026-W31,57.0,Modest Hazard,"{'slope_score': 3.0, 'rainfall_score': 1.0, 'ndvi_score': 1.0, 'drainage_score': 1.0, 'landuse_score': 1.0, 'soil_score': 4.0, 'aspect_score': 3.0}"
LS-00357,2026-W31,54.0,Modest Hazard,"{'slope_score': 3.0, 'rainfall_score': 1.0, 'ndvi_score': 1.0, 'drainage_score': 1.0, 'landuse_score': 1.0, 'soil_score': 4.0, 'aspect_score': 2.0}"
LS-00358,2026-W31,48.0,Landslide Unlikely,"{'slope_score': 3.0, 'rainfall_score': 1.0, 'ndvi_score': 1.0, 'drainage_score': 1.0, 'landuse_score': 1.0, 'soil_score': 2.0, 'aspect_score': 4.0}"
LS-00359,2026-W31,61.0,Modest Hazard,"{'slope_score': 3.0, 'rainfall_score': 1.0, 'ndvi_score': 1.0, 'drainage_score': 1.0, 'landuse_score': 1.0, 'soil_score': 4.0, 'aspect_score': 4.0}"
LS-00360,2026-W31,61.0,Modest Hazard,"{'slope_score': 3.0, 'rainfall_score': 1.0, 'ndvi_score': 1.0, 'drainage_score': 1.0, 'landuse_score': 1.0, 'soil_score': 4.0, 'aspect_score': 4.0}"
LS-00361,2026-W31,61.0,Modest Hazard,"{'slope_score': 3.0, 'rainfall_score': 1.0, 'ndvi_score': 1.0, 'drainage_score': 1.0, 'landuse_score': 1.0, 'soil_score': 4.0, 'aspect_score': 4.0}"
LS-00362,2026-W31,61.0,Modest Hazard,"{'slope_score': 3.0, 'rainfall_score': 1.0, 'ndvi_score': 1.0, 'drainage_score': 1.0, 'landuse_score': 1.0, 'soil_score': 4.0, 'aspect_score': 4.0}"
LS-00363,2026-W31,57.0,Modest Hazard,"{'slope_score': 3.0, 'rainfall_score': 1.0, 'ndvi_score': 1.0, 'drainage_score': 1.0, 'landuse_score': 1.0, 'soil_score': 4.0, 'aspect_score': 3.0}"
LS-00364,2026-W31,57.0,Modest Hazard,"{'slope_score': 3.0, 'rainfall_score': 1.0, 'ndvi_score': 1.0, 'drainage_score': 1.0, 'landuse_score': 1.0, 'soil_score': 4.0, 'aspect_score': 3.0}"
LS-00365,2026-W31,61.0,Modest Hazard,"{'slope_score': 3.0, 'rainfall_score': 1.0, 'ndvi_score': 1.0, 'drainage_score': 1.0, 'landuse_score': 1.0, 'soil_score': 4.0, 'aspect_score': 4.0}"
LS-00366,2026-W31,57.0,Modest Hazard,"{'slope_score': 3.0, 'rainfall_score': 1.0, 'ndvi_score': 1.0, 'drainage_score': 1.0, 'landuse_score': 1.0, 'soil_score': 4.0, 'aspect_score': 3.0}"
LS-00367,2026-W31,54.0,Modest Hazard,"{'slope_score': 3.0, 'rainfall_score': 1.0, 'ndvi_score': 1.0, 'drainage_score': 1.0, 'landuse_score': 1.0, 'soil_score': 4.0, 'aspect_score': 2.0}"
LS-00368,2026-W31,61.0,Modest Hazard,"{'slope_score': 3.0, 'rainfall_score': 1.0, 'ndvi_score': 1.0, 'drainage_score': 1.0, 'landuse_score': 1.0, 'soil_score': 4.0, 'aspect_score': 4.0}"
LS-00369,2026-W31,54.0,Modest Hazard,"{'slope_score': 3.0, 'rainfall_score': 1.0, 'ndvi_score': 1.0, 'drainage_score': 1.0, 'landuse_score': 1.0, 'soil_score': 4.0, 'aspect_score': 2.0}"
LS-00370,2026-W31,61.0,Modest Hazard,"{'slope_score': 3.0, 'rainfall_score': 1.0, 'ndvi_score': 1.0, 'drainage_score': 1.0, 'landuse_score': 1.0, 'soil_score': 4.0, 'aspect_score': 4.0}"
LS-00371,2026-W31,61.0,Modest Hazard,"{'slope_score': 3.0, 'rainfall_score': 1.0, 'ndvi_score': 1.0, 'drainage_score': 1.0, 'landuse_score': 1.0, 'soil_score': 4.0, 'aspect_score': 4.0}"
LS-00372,2026-W31,57.0,Modest Hazard,"{'slope_score': 3.0, 'rainfall_score': 1.0, 'ndvi_score': 1.0, 'drainage_score': 1.0, 'landuse_score': 1.0, 'soil_score': 4.0, 'aspect_score': 3.0}"
LS-00373,2026-W31,38.0,Landslide Unlikely,"{'slope_score': 2.0, 'rainfall_score': 1.0, 'ndvi_score': 1.0, 'drainage_score': 1.0, 'landuse_score': 1.0, 'soil_score': 4.0, 'aspect_score': 2.0}"
LS-00374,2026-W31,38.0,Landslide Unlikely,"{'slope_score': 2.0, 'rainfall_score': 1.0, 'ndvi_score': 1.0, 'drainage_score': 1.0, 'landuse_score': 1.0, 'soil_score': 4.0, 'aspect_score': 2.0}"
LS-00375,2026-W31,57.0,Modest Hazard,"{'slope_score': 3.0, 'rainfall_score': 1.0, 'ndvi_score': 1.0, 'drainage_score': 1.0, 'landuse_score': 1.0, 'soil_score': 4.0, 'aspect_score': 3.0}"
LS-00376,2026-W31,41.0,Landslide Unlikely,"{'slope_score': 2.0, 'rainfall_score': 1.0, 'ndvi_score': 1.0, 'drainage_score': 1.0, 'landuse_score': 1.0, 'soil_score': 4.0, 'aspect_score': 3.0}"
LS-00377,2026-W31,57.0,Modest Hazard,"{'slope_score': 3.0, 'rainfall_score': 1.0, 'ndvi_score': 1.0, 'drainage_score': 1.0, 'landuse_score': 1.0, 'soil_score': 4.0, 'aspect_score': 3.0}"
LS-00378,2026-W31,54.0,Modest Hazard,"{'slope_score': 3.0, 'rainfall_score': 1.0, 'ndvi_score': 1.0, 'drainage_score': 1.0, 'landuse_score': 1.0, 'soil_score': 4.0, 'aspect_score': 2.0}"
LS-00379,2026-W31,61.0,Modest Hazard,"{'slope_score': 3.0, 'rainfall_score': 1.0, 'ndvi_score': 1.0, 'drainage_score': 1.0, 'landuse_score': 1.0, 'soil_score': 4.0, 'aspect_score': 4.0}"
LS-00380,2026-W31,61.0,Modest Hazard,"{'slope_score': 3.0, 'rainfall_score': 1.0, 'ndvi_score': 1.0, 'drainage_score': 1.0, 'landuse_score': 1.0, 'soil_score': 4.0, 'aspect_score': 4.0}"
LS-00381,2026-W31,57.0,Modest Hazard,"{'slope_score': 3.0, 'rainfall_score': 1.0, 'ndvi_score': 1.0, 'drainage_score': 1.0, 'landuse_score': 1.0, 'soil_score': 4.0, 'aspect_score': 3.0}"
LS-00382,2026-W31,57.0,Modest Hazard,"{'slope_score': 3.0, 'rainfall_score': 1.0, 'ndvi_score': 1.0, 'drainage_score': 1.0, 'landuse_score': 1.0, 'soil_score': 4.0, 'aspect_score': 3.0}"
LS-00383,2026-W31,54.0,Modest Hazard,"{'slope_score': 3.0, 'rainfall_score': 1.0, 'ndvi_score': 1.0, 'drainage_score': 1.0, 'landuse_score': 1.0, 'soil_score': 4.0, 'aspect_score': 2.0}"
LS-00384,2026-W31,57.0,Modest Hazard,"{'slope_score': 3.0, 'rainfall_score': 1.0, 'ndvi_score': 1.0, 'drainage_score': 1.0, 'landuse_score': 1.0, 'soil_score': 4.0, 'aspect_score': 3.0}"
LS-00385,2026-W31,54.0,Modest Hazard,"{'slope_score': 3.0, 'rainfall_score': 1.0, 'ndvi_score': 1.0, 'drainage_score': 1.0, 'landuse_score': 1.0, 'soil_score': 4.0, 'aspect_score': 2.0}"
LS-00386,2026-W31,54.0,Modest Hazard,"{'slope_score': 3.0, 'rainfall_score': 1.0, 'ndvi_score': 1.0, 'drainage_score': 1.0, 'landuse_score': 1.0, 'soil_score': 4.0, 'aspect_score': 2.0}"
LS-00387,2026-W31,57.0,Modest Hazard,"{'slope_score': 3.0, 'rainfall_score': 1.0, 'ndvi_score': 1.0, 'drainage_score': 1.0, 'landuse_score': 1.0, 'soil_score': 4.0, 'aspect_score': 3.0}"
LS-00388,2026-W31,57.0,Modest Hazard,"{'slope_score': 3.0, 'rainfall_score': 1.0, 'ndvi_score': 1.0, 'drainage_score': 1.0, 'landuse_score': 1.0, 'soil_score': 4.0, 'aspect_score': 3.0}"
LS-00389,2026-W31,54.0,Modest Hazard,"{'slope_score': 3.0, 'rainfall_score': 1.0, 'ndvi_score': 1.0, 'drainage_score': 1.0, 'landuse_score': 1.0, 'soil_score': 4.0, 'aspect_score': 2.0}"
LS-00390,2026-W31,54.0,Modest Hazard,"{'slope_score': 3.0, 'rainfall_score': 1.0, 'ndvi_score': 1.0, 'drainage_score': 1.0, 'landuse_score': 1.0, 'soil_score': 4.0, 'aspect_score': 2.0}"
LS-00391,2026-W31,54.0,Modest Hazard,"{'slope_score': 3.0, 'rainfall_score': 1.0, 'ndvi_score': 1.0, 'drainage_score': 1.0, 'landuse_score': 1.0, 'soil_score': 4.0, 'aspect_score': 2.0}"
LS-00392,2026-W31,38.0,Landslide Unlikely,"{'slope_score': 2.0, 'rainfall_score': 1.0, 'ndvi_score': 1.0, 'drainage_score': 1.0, 'landuse_score': 1.0, 'soil_score': 4.0, 'aspect_score': 2.0}"
LS-00393,2026-W31,54.0,Modest Hazard,"{'slope_score': 3.0, 'rainfall_score': 1.0, 'ndvi_score': 1.0, 'drainage_score': 1.0, 'landuse_score': 1.0, 'soil_score': 4.0, 'aspect_score': 2.0}"
LS-00394,2026-W31,38.0,Landslide Unlikely,"{'slope_score': 2.0, 'rainfall_score': 1.0, 'ndvi_score': 1.0, 'drainage_score': 1.0, 'landuse_score': 1.0, 'soil_score': 4.0, 'aspect_score': 2.0}"
LS-00395,2026-W31,38.0,Landslide Unlikely,"{'slope_score': 2.0, 'rainfall_score': 1.0, 'ndvi_score': 1.0, 'drainage_score': 1.0, 'landuse_score': 1.0, 'soil_score': 4.0, 'aspect_score': 2.0}"
LS-00396,2026-W31,38.0,Landslide Unlikely,"{'slope_score': 2.0, 'rainfall_score': 1.0, 'ndvi_score': 1.0, 'drainage_score': 1.0, 'landuse_score': 1.0, 'soil_score': 4.0, 'aspect_score': 2.0}"
LS-00397,2026-W31,54.0,Modest Hazard,"{'slope_score': 3.0, 'rainfall_score': 1.0, 'ndvi_score': 1.0, 'drainage_score': 1.0, 'landuse_score': 1.0, 'soil_score': 4.0, 'aspect_score': 2.0}"
LS-00398,2026-W31,41.0,Landslide Unlikely,"{'slope_score': 2.0, 'rainfall_score': 1.0, 'ndvi_score': 1.0, 'drainage_score': 1.0, 'landuse_score': 1.0, 'soil_score': 4.0, 'aspect_score': 3.0}"
LS-00399,2026-W31,57.0,Modest Hazard,"{'slope_score': 3.0, 'rainfall_score': 1.0, 'ndvi_score': 1.0, 'drainage_score': 1.0, 'landuse_score': 1.0, 'soil_score': 4.0, 'aspect_score': 3.0}"
LS-00400,2026-W31,38.0,Landslide Unlikely,"{'slope_score': 2.0, 'rainfall_score': 1.0, 'ndvi_score': 1.0, 'drainage_score': 1.0, 'landuse_score': 1.0, 'soil_score': 4.0, 'aspect_score': 2.0}"
LS-00401,2026-W31,57.0,Modest Hazard,"{'slope_score': 3.0, 'rainfall_score': 1.0, 'ndvi_score': 1.0, 'drainage_score': 1.0, 'landuse_score': 1.0, 'soil_score': 4.0, 'aspect_score': 3.0}"
LS-00402,2026-W31,54.0,Modest Hazard,"{'slope_score': 3.0, 'rainfall_score': 1.0, 'ndvi_score': 1.0, 'drainage_score': 1.0, 'landuse_score': 1.0, 'soil_score': 4.0, 'aspect_score': 2.0}"
LS-00403,2026-W31,54.0,Modest Hazard,"{'slope_score': 3.0, 'rainfall_score': 1.0, 'ndvi_score': 1.0, 'drainage_score': 1.0, 'landuse_score': 1.0, 'soil_score': 4.0, 'aspect_score': 2.0}"
LS-00404,2026-W31,57.0,Modest Hazard,"{'slope_score': 3.0, 'rainfall_score': 1.0, 'ndvi_score': 1.0, 'drainage_score': 1.0, 'landuse_score': 1.0, 'soil_score': 4.0, 'aspect_score': 3.0}"
LS-00405,2026-W31,57.0,Modest Hazard,"{'slope_score': 3.0, 'rainfall_score': 1.0, 'ndvi_score': 1.0, 'drainage_score': 1.0, 'landuse_score': 1.0, 'soil_score': 4.0, 'aspect_score': 3.0}"
LS-00406,2026-W31,57.0,Modest Hazard,"{'slope_score': 3.0, 'rainfall_score': 1.0, 'ndvi_score': 1.0, 'drainage_score': 1.0, 'landuse_score': 1.0, 'soil_score': 4.0, 'aspect_score': 3.0}"
LS-00407,2026-W31,57.0,Modest Hazard,"{'slope_score': 3.0, 'rainfall_score': 1.0, 'ndvi_score': 1.0, 'drainage_score': 1.0, 'landuse_score': 1.0, 'soil_score': 4.0, 'aspect_score': 3.0}"
LS-00408,2026-W31,0.0,masked,"{'slope_score': 3.0, 'rainfall_score': 1.0, 'ndvi_score': None, 'drainage_score': 1.0, 'landuse_score': 1.0, 'soil_score': 4.0, 'aspect_score': 3.0}"
LS-00409,2026-W31,0.0,masked,"{'slope_score': 3.0, 'rainfall_score': 1.0, 'ndvi_score': None, 'drainage_score': 1.0, 'landuse_score': 1.0, 'soil_score': 4.0, 'aspect_score': 4.0}"
LS-00410,2026-W31,0.0,masked,"{'slope_score': 3.0, 'rainfall_score': 1.0, 'ndvi_score': None, 'drainage_score': 1.0, 'landuse_score': 1.0, 'soil_score': 4.0, 'aspect_score': 2.0}"
LS-00411,2026-W31,0.0,masked,"{'slope_score': 3.0, 'rainfall_score': 1.0, 'ndvi_score': None, 'drainage_score': 1.0, 'landuse_score': 1.0, 'soil_score': 4.0, 'aspect_score': 2.0}"
LS-00412,2026-W31,0.0,masked,"{'slope_score': 3.0, 'rainfall_score': 1.0, 'ndvi_score': None, 'drainage_score': 1.0, 'landuse_score': 1.0, 'soil_score': 4.0, 'aspect_score': 2.0}"
LS-00413,2026-W31,0.0,masked,"{'slope_score': 3.0, 'rainfall_score': 1.0, 'ndvi_score': None, 'drainage_score': 1.0, 'landuse_score': 1.0, 'soil_score': 4.0, 'aspect_score': 2.0}"
LS-00414,2026-W31,0.0,masked,"{'slope_score': 3.0, 'rainfall_score': 1.0, 'ndvi_score': None, 'drainage_score': 1.0, 'landuse_score': 1.0, 'soil_score': 4.0, 'aspect_score': 4.0}"
LS-00415,2026-W31,0.0,masked,"{'slope_score': 3.0, 'rainfall_score': 1.0, 'ndvi_score': None, 'drainage_score': 1.0, 'landuse_score': 1.0, 'soil_score': 4.0, 'aspect_score': 3.0}"
LS-00416,2026-W31,0.0,masked,"{'slope_score': 3.0, 'rainfall_score': 1.0, 'ndvi_score': None, 'drainage_score': 1.0, 'landuse_score': 1.0, 'soil_score': 4.0, 'aspect_score': 3.0}"
LS-00417,2026-W31,0.0,masked,"{'slope_score': 3.0, 'rainfall_score': 1.0, 'ndvi_score': None, 'drainage_score': 1.0, 'landuse_score': 1.0, 'soil_score': 4.0, 'aspect_score': 3.0}"
LS-00418,2026-W31,0.0,masked,"{'slope_score': 3.0, 'rainfall_score': 1.0, 'ndvi_score': None, 'drainage_score': 1.0, 'landuse_score': 1.0, 'soil_score': 4.0, 'aspect_score': 4.0}"
LS-00419,2026-W31,0.0,masked,"{'slope_score': 3.0, 'rainfall_score': 1.0, 'ndvi_score': None, 'drainage_score': 1.0, 'landuse_score': 1.0, 'soil_score': 4.0, 'aspect_score': 4.0}"
LS-00420,2026-W31,0.0,masked,"{'slope_score': 4.0, 'rainfall_score': 1.0, 'ndvi_score': None, 'drainage_score': 1.0, 'landuse_score': 1.0, 'soil_score': 4.0, 'aspect_score': 4.0}"
LS-00421,2026-W31,0.0,masked,"{'slope_score': 4.0, 'rainfall_score': 1.0, 'ndvi_score': None, 'drainage_score': 1.0, 'landuse_score': 1.0, 'soil_score': 4.0, 'aspect_score': 4.0}"
LS-00422,2026-W31,0.0,masked,"{'slope_score': 3.0, 'rainfall_score': 1.0, 'ndvi_score': None, 'drainage_score': 1.0, 'landuse_score': 1.0, 'soil_score': 4.0, 'aspect_score': 4.0}"
LS-00423,2026-W31,0.0,masked,"{'slope_score': 4.0, 'rainfall_score': 1.0, 'ndvi_score': None, 'drainage_score': 1.0, 'landuse_score': 1.0, 'soil_score': 4.0, 'aspect_score': 3.0}"
LS-00424,2026-W31,0.0,masked,"{'slope_score': 3.0, 'rainfall_score': 1.0, 'ndvi_score': None, 'drainage_score': 1.0, 'landuse_score': 1.0, 'soil_score': 4.0, 'aspect_score': 3.0}"
LS-00425,2026-W31,0.0,masked,"{'slope_score': 3.0, 'rainfall_score': None, 'ndvi_score': None, 'drainage_score': 1.0, 'landuse_score': 1.0, 'soil_score': None, 'aspect_score': 2.0}"
LS-00426,2026-W31,0.0,masked,"{'slope_score': 3.0, 'rainfall_score': 1.0, 'ndvi_score': None, 'drainage_score': 1.0, 'landuse_score': 1.0, 'soil_score': 4.0, 'aspect_score': 2.0}"
LS-00427,2026-W31,0.0,masked,"{'slope_score': 2.0, 'rainfall_score': 1.0, 'ndvi_score': None, 'drainage_score': 1.0, 'landuse_score': 1.0, 'soil_score': 4.0, 'aspect_score': 2.0}"
LS-00428,2026-W31,0.0,masked,"{'slope_score': 4.0, 'rainfall_score': 1.0, 'ndvi_score': None, 'drainage_score': 1.0, 'landuse_score': 1.0, 'soil_score': 4.0, 'aspect_score': 2.0}"
LS-00429,2026-W31,0.0,masked,"{'slope_score': 4.0, 'rainfall_score': 1.0, 'ndvi_score': None, 'drainage_score': 1.0, 'landuse_score': 1.0, 'soil_score': 4.0, 'aspect_score': 2.0}"
LS-00430,2026-W31,0.0,masked,"{'slope_score': 3.0, 'rainfall_score': 1.0, 'ndvi_score': None, 'drainage_score': 1.0, 'landuse_score': 1.0, 'soil_score': 4.0, 'aspect_score': 4.0}"
LS-00431,2026-W31,0.0,masked,"{'slope_score': 3.0, 'rainfall_score': 1.0, 'ndvi_score': None, 'drainage_score': 1.0, 'landuse_score': 1.0, 'soil_score': 4.0, 'aspect_score': 4.0}"
LS-00432,2026-W31,0.0,masked,"{'slope_score': 3.0, 'rainfall_score': 1.0, 'ndvi_score': None, 'drainage_score': 1.0, 'landuse_score': 1.0, 'soil_score': 4.0, 'aspect_score': 4.0}"
LS-00433,2026-W31,0.0,masked,"{'slope_score': 3.0, 'rainfall_score': 1.0, 'ndvi_score': None, 'drainage_score': 1.0, 'landuse_score': 1.0, 'soil_score': 4.0, 'aspect_score': 2.0}"
LS-00434,2026-W31,0.0,masked,"{'slope_score': 3.0, 'rainfall_score': 1.0, 'ndvi_score': None, 'drainage_score': 1.0, 'landuse_score': 1.0, 'soil_score': 4.0, 'aspect_score': 2.0}"
LS-00435,2026-W31,0.0,masked,"{'slope_score': 2.0, 'rainfall_score': 1.0, 'ndvi_score': None, 'drainage_score': 1.0, 'landuse_score': 1.0, 'soil_score': 4.0, 'aspect_score': 2.0}"
LS-00436,2026-W31,0.0,masked,"{'slope_score': 2.0, 'rainfall_score': 1.0, 'ndvi_score': None, 'drainage_score': 1.0, 'landuse_score': 1.0, 'soil_score': 4.0, 'aspect_score': 2.0}"
LS-00437,2026-W31,0.0,masked,"{'slope_score': 2.0, 'rainfall_score': 1.0, 'ndvi_score': None, 'drainage_score': 1.0, 'landuse_score': 1.0, 'soil_score': 4.0, 'aspect_score': 4.0}"
LS-00438,2026-W31,0.0,masked,"{'slope_score': 3.0, 'rainfall_score': 1.0, 'ndvi_score': None, 'drainage_score': 1.0, 'landuse_score': 1.0, 'soil_score': 4.0, 'aspect_score': 4.0}"
LS-00439,2026-W31,0.0,masked,"{'slope_score': 3.0, 'rainfall_score': 1.0, 'ndvi_score': None, 'drainage_score': 1.0, 'landuse_score': 1.0, 'soil_score': 4.0, 'aspect_score': 4.0}"
LS-00440,2026-W31,0.0,masked,"{'slope_score': 3.0, 'rainfall_score': 1.0, 'ndvi_score': None, 'drainage_score': 1.0, 'landuse_score': 1.0, 'soil_score': 4.0, 'aspect_score': 2.0}"
LS-00441,2026-W31,0.0,masked,"{'slope_score': 3.0, 'rainfall_score': 1.0, 'ndvi_score': None, 'drainage_score': 1.0, 'landuse_score': 1.0, 'soil_score': 4.0, 'aspect_score': 2.0}"
LS-00442,2026-W31,0.0,masked,"{'slope_score': 3.0, 'rainfall_score': 1.0, 'ndvi_score': None, 'drainage_score': 1.0, 'landuse_score': 1.0, 'soil_score': 4.0, 'aspect_score': 2.0}"
LS-00443,2026-W31,0.0,masked,"{'slope_score': 3.0, 'rainfall_score': 1.0, 'ndvi_score': None, 'drainage_score': 1.0, 'landuse_score': 1.0, 'soil_score': 4.0, 'aspect_score': 2.0}"
LS-00444,2026-W31,0.0,masked,"{'slope_score': 2.0, 'rainfall_score': 1.0, 'ndvi_score': None, 'drainage_score': 1.0, 'landuse_score': 1.0, 'soil_score': 4.0, 'aspect_score': 3.0}"
LS-00445,2026-W31,0.0,masked,"{'slope_score': 2.0, 'rainfall_score': 1.0, 'ndvi_score': None, 'drainage_score': 1.0, 'landuse_score': 1.0, 'soil_score': 4.0, 'aspect_score': 4.0}"
LS-00446,2026-W31,0.0,masked,"{'slope_score': 2.0, 'rainfall_score': 1.0, 'ndvi_score': None, 'drainage_score': 1.0, 'landuse_score': 1.0, 'soil_score': 4.0, 'aspect_score': 4.0}"
LS-00447,2026-W31,0.0,masked,"{'slope_score': 2.0, 'rainfall_score': 1.0, 'ndvi_score': None, 'drainage_score': 1.0, 'landuse_score': 1.0, 'soil_score': 4.0, 'aspect_score': 2.0}"
LS-00448,2026-W31,0.0,masked,"{'slope_score': 3.0, 'rainfall_score': 1.0, 'ndvi_score': None, 'drainage_score': 1.0, 'landuse_score': 1.0, 'soil_score': 4.0, 'aspect_score': 2.0}"
LS-00449,2026-W31,0.0,masked,"{'slope_score': 2.0, 'rainfall_score': 1.0, 'ndvi_score': None, 'drainage_score': 1.0, 'landuse_score': 1.0, 'soil_score': 4.0, 'aspect_score': 4.0}"
LS-00450,2026-W31,0.0,masked,"{'slope_score': 3.0, 'rainfall_score': 1.0, 'ndvi_score': None, 'drainage_score': 1.0, 'landuse_score': 1.0, 'soil_score': 4.0, 'aspect_score': 4.0}"
LS-00451,2026-W31,0.0,masked,"{'slope_score': 3.0, 'rainfall_score': 1.0, 'ndvi_score': None, 'drainage_score': 1.0, 'landuse_score': 1.0, 'soil_score': 4.0, 'aspect_score': 4.0}"
LS-00452,2026-W31,0.0,masked,"{'slope_score': 2.0, 'rainfall_score': 1.0, 'ndvi_score': None, 'drainage_score': 1.0, 'landuse_score': 1.0, 'soil_score': 4.0, 'aspect_score': 4.0}"
LS-00453,2026-W31,0.0,masked,"{'slope_score': 3.0, 'rainfall_score': 1.0, 'ndvi_score': None, 'drainage_score': 1.0, 'landuse_score': 1.0, 'soil_score': 4.0, 'aspect_score': 4.0}"
LS-00454,2026-W31,0.0,masked,"{'slope_score': 3.0, 'rainfall_score': 1.0, 'ndvi_score': None, 'drainage_score': 1.0, 'landuse_score': 1.0, 'soil_score': 4.0, 'aspect_score': 4.0}"
LS-00455,2026-W31,0.0,masked,"{'slope_score': 2.0, 'rainfall_score': 1.0, 'ndvi_score': None, 'drainage_score': 1.0, 'landuse_score': 1.0, 'soil_score': 4.0, 'aspect_score': 2.0}"
LS-00456,2026-W31,0.0,masked,"{'slope_score': 3.0, 'rainfall_score': 1.0, 'ndvi_score': None, 'drainage_score': 1.0, 'landuse_score': 1.0, 'soil_score': 4.0, 'aspect_score': 3.0}"
LS-00457,2026-W31,0.0,masked,"{'slope_score': 3.0, 'rainfall_score': 1.0, 'ndvi_score': None, 'drainage_score': 1.0, 'landuse_score': 1.0, 'soil_score': 4.0, 'aspect_score': 4.0}"
LS-00458,2026-W31,0.0,masked,"{'slope_score': 3.0, 'rainfall_score': 1.0, 'ndvi_score': None, 'drainage_score': 1.0, 'landuse_score': 1.0, 'soil_score': 4.0, 'aspect_score': 4.0}"
LS-00459,2026-W31,0.0,masked,"{'slope_score': 3.0, 'rainfall_score': 1.0, 'ndvi_score': None, 'drainage_score': 1.0, 'landuse_score': 1.0, 'soil_score': 4.0, 'aspect_score': 4.0}"
LS-00460,2026-W31,0.0,masked,"{'slope_score': 3.0, 'rainfall_score': 1.0, 'ndvi_score': None, 'drainage_score': 1.0, 'landuse_score': 1.0, 'soil_score': 4.0, 'aspect_score': 2.0}"
LS-00461,2026-W31,0.0,masked,"{'slope_score': 3.0, 'rainfall_score': 1.0, 'ndvi_score': None, 'drainage_score': 1.0, 'landuse_score': 1.0, 'soil_score': 4.0, 'aspect_score': 3.0}"
LS-00462,2026-W31,0.0,masked,"{'slope_score': 2.0, 'rainfall_score': 1.0, 'ndvi_score': None, 'drainage_score': 1.0, 'landuse_score': 1.0, 'soil_score': 4.0, 'aspect_score': 4.0}"
LS-00463,2026-W31,0.0,masked,"{'slope_score': 2.0, 'rainfall_score': 1.0, 'ndvi_score': None, 'drainage_score': 1.0, 'landuse_score': 1.0, 'soil_score': 4.0, 'aspect_score': 3.0}"
LS-00464,2026-W31,0.0,masked,"{'slope_score': 3.0, 'rainfall_score': 1.0, 'ndvi_score': None, 'drainage_score': 1.0, 'landuse_score': 1.0, 'soil_score': 4.0, 'aspect_score': 2.0}"
LS-00465,2026-W31,0.0,masked,"{'slope_score': 3.0, 'rainfall_score': 1.0, 'ndvi_score': None, 'drainage_score': 1.0, 'landuse_score': 1.0, 'soil_score': 4.0, 'aspect_score': 2.0}"
LS-00466,2026-W31,0.0,masked,"{'slope_score': 3.0, 'rainfall_score': 1.0, 'ndvi_score': None, 'drainage_score': 1.0, 'landuse_score': 1.0, 'soil_score': 4.0, 'aspect_score': 4.0}"
LS-00467,2026-W31,0.0,masked,"{'slope_score': 3.0, 'rainfall_score': 1.0, 'ndvi_score': None, 'drainage_score': 1.0, 'landuse_score': 1.0, 'soil_score': 4.0, 'aspect_score': 4.0}"
LS-00468,2026-W31,0.0,masked,"{'slope_score': 3.0, 'rainfall_score': 1.0, 'ndvi_score': None, 'drainage_score': 1.0, 'landuse_score': 1.0, 'soil_score': 4.0, 'aspect_score': 4.0}"
LS-00469,2026-W31,0.0,masked,"{'slope_score': 3.0, 'rainfall_score': 1.0, 'ndvi_score': None, 'drainage_score': 1.0, 'landuse_score': 1.0, 'soil_score': 4.0, 'aspect_score': 4.0}"
LS-00470,2026-W31,0.0,masked,"{'slope_score': 3.0, 'rainfall_score': 1.0, 'ndvi_score': None, 'drainage_score': 1.0, 'landuse_score': 1.0, 'soil_score': 4.0, 'aspect_score': 4.0}"
LS-00471,2026-W31,0.0,masked,"{'slope_score': 3.0, 'rainfall_score': 1.0, 'ndvi_score': None, 'drainage_score': 1.0, 'landuse_score': 1.0, 'soil_score': 4.0, 'aspect_score': 2.0}"
LS-00472,2026-W31,0.0,masked,"{'slope_score': 3.0, 'rainfall_score': 1.0, 'ndvi_score': None, 'drainage_score': 1.0, 'landuse_score': 1.0, 'soil_score': 4.0, 'aspect_score': 2.0}"
LS-00473,2026-W31,0.0,masked,"{'slope_score': 3.0, 'rainfall_score': 1.0, 'ndvi_score': None, 'drainage_score': 1.0, 'landuse_score': 1.0, 'soil_score': 4.0, 'aspect_score': 3.0}"
LS-00474,2026-W31,0.0,masked,"{'slope_score': 3.0, 'rainfall_score': 1.0, 'ndvi_score': None, 'drainage_score': 1.0, 'landuse_score': 1.0, 'soil_score': 4.0, 'aspect_score': 4.0}"
LS-00475,2026-W31,0.0,masked,"{'slope_score': 2.0, 'rainfall_score': 1.0, 'ndvi_score': None, 'drainage_score': 1.0, 'landuse_score': 1.0, 'soil_score': 4.0, 'aspect_score': 2.0}"
LS-00476,2026-W31,0.0,masked,"{'slope_score': 3.0, 'rainfall_score': 1.0, 'ndvi_score': None, 'drainage_score': 1.0, 'landuse_score': 1.0, 'soil_score': 4.0, 'aspect_score': 3.0}"
LS-00477,2026-W31,0.0,masked,"{'slope_score': 3.0, 'rainfall_score': 1.0, 'ndvi_score': None, 'drainage_score': 1.0, 'landuse_score': 1.0, 'soil_score': 4.0, 'aspect_score': 4.0}"
LS-00478,2026-W31,0.0,masked,"{'slope_score': 3.0, 'rainfall_score': 1.0, 'ndvi_score': None, 'drainage_score': 1.0, 'landuse_score': 1.0, 'soil_score': 4.0, 'aspect_score': 4.0}"
LS-00479,2026-W31,0.0,masked,"{'slope_score': 2.0, 'rainfall_score': 1.0, 'ndvi_score': None, 'drainage_score': 1.0, 'landuse_score': 1.0, 'soil_score': 4.0, 'aspect_score': 3.0}"
LS-00480,2026-W31,0.0,masked,"{'slope_score': 2.0, 'rainfall_score': 1.0, 'ndvi_score': None, 'drainage_score': 1.0, 'landuse_score': 1.0, 'soil_score': 4.0, 'aspect_score': 3.0}"
LS-00481,2026-W31,0.0,masked,"{'slope_score': 2.0, 'rainfall_score': 1.0, 'ndvi_score': None, 'drainage_score': 1.0, 'landuse_score': 1.0, 'soil_score': 4.0, 'aspect_score': 2.0}"
LS-00482,2026-W31,0.0,masked,"{'slope_score': 2.0, 'rainfall_score': 1.0, 'ndvi_score': None, 'drainage_score': 1.0, 'landuse_score': 1.0, 'soil_score': 4.0, 'aspect_score': 4.0}"
LS-00483,2026-W31,0.0,masked,"{'slope_score': 2.0, 'rainfall_score': 1.0, 'ndvi_score': None, 'drainage_score': 1.0, 'landuse_score': 1.0, 'soil_score': 4.0, 'aspect_score': 2.0}"
LS-00484,2026-W31,0.0,masked,"{'slope_score': 2.0, 'rainfall_score': 1.0, 'ndvi_score': None, 'drainage_score': 1.0, 'landuse_score': 1.0, 'soil_score': 4.0, 'aspect_score': 2.0}"
LS-00485,2026-W31,0.0,masked,"{'slope_score': 2.0, 'rainfall_score': 1.0, 'ndvi_score': None, 'drainage_score': 1.0, 'landuse_score': 1.0, 'soil_score': 4.0, 'aspect_score': 2.0}"
LS-00486,2026-W31,0.0,masked,"{'slope_score': 2.0, 'rainfall_score': 1.0, 'ndvi_score': None, 'drainage_score': 1.0, 'landuse_score': 1.0, 'soil_score': 4.0, 'aspect_score': 4.0}"
LS-00487,2026-W31,0.0,masked,"{'slope_score': 2.0, 'rainfall_score': 1.0, 'ndvi_score': None, 'drainage_score': 1.0, 'landuse_score': 1.0, 'soil_score': 4.0, 'aspect_score': 2.0}"
LS-00488,2026-W31,0.0,masked,"{'slope_score': 3.0, 'rainfall_score': 1.0, 'ndvi_score': None, 'drainage_score': 1.0, 'landuse_score': 2.0, 'soil_score': 4.0, 'aspect_score': 3.0}"
LS-00489,2026-W31,0.0,masked,"{'slope_score': 2.0, 'rainfall_score': 1.0, 'ndvi_score': None, 'drainage_score': 1.0, 'landuse_score': 2.0, 'soil_score': 4.0, 'aspect_score': 2.0}"
LS-00490,2026-W31,0.0,masked,"{'slope_score': 2.0, 'rainfall_score': 1.0, 'ndvi_score': None, 'drainage_score': 1.0, 'landuse_score': 2.0, 'soil_score': 4.0, 'aspect_score': 2.0}"
LS-00491,2026-W31,0.0,masked,"{'slope_score': 2.0, 'rainfall_score': 1.0, 'ndvi_score': None, 'drainage_score': 1.0, 'landuse_score': 1.0, 'soil_score': 4.0, 'aspect_score': 3.0}"
LS-00492,2026-W31,0.0,masked,"{'slope_score': 3.0, 'rainfall_score': 1.0, 'ndvi_score': None, 'drainage_score': 1.0, 'landuse_score': 1.0, 'soil_score': 4.0, 'aspect_score': 2.0}"
LS-00493,2026-W31,0.0,masked,"{'slope_score': 2.0, 'rainfall_score': 1.0, 'ndvi_score': None, 'drainage_score': 1.0, 'landuse_score': 2.0, 'soil_score': 4.0, 'aspect_score': 4.0}"
LS-00494,2026-W31,0.0,masked,"{'slope_score': 3.0, 'rainfall_score': 1.0, 'ndvi_score': None, 'drainage_score': 1.0, 'landuse_score': 1.0, 'soil_score': 4.0, 'aspect_score': 4.0}"
LS-00495,2026-W31,0.0,masked,"{'slope_score': 3.0, 'rainfall_score': 1.0, 'ndvi_score': None, 'drainage_score': 1.0, 'landuse_score': 1.0, 'soil_score': 4.0, 'aspect_score': 4.0}"
LS-00496,2026-W31,0.0,masked,"{'slope_score': 3.0, 'rainfall_score': 1.0, 'ndvi_score': None, 'drainage_score': 1.0, 'landuse_score': 1.0, 'soil_score': 4.0, 'aspect_score': 4.0}"
LS-00497,2026-W31,0.0,masked,"{'slope_score': 4.0, 'rainfall_score': 1.0, 'ndvi_score': None, 'drainage_score': 1.0, 'landuse_score': 1.0, 'soil_score': 4.0, 'aspect_score': 2.0}"
LS-00498,2026-W31,0.0,masked,"{'slope_score': 3.0, 'rainfall_score': 1.0, 'ndvi_score': None, 'drainage_score': 1.0, 'landuse_score': 1.0, 'soil_score': 4.0, 'aspect_score': 2.0}"
LS-00499,2026-W31,0.0,masked,"{'slope_score': 3.0, 'rainfall_score': 1.0, 'ndvi_score': None, 'drainage_score': 1.0, 'landuse_score': 1.0, 'soil_score': 4.0, 'aspect_score': 2.0}"
LS-00500,2026-W31,0.0,masked,"{'slope_score': 3.0, 'rainfall_score': 1.0, 'ndvi_score': None, 'drainage_score': 1.0, 'landuse_score': 1.0, 'soil_score': 4.0, 'aspect_score': 2.0}"
